0,class_numeric
-0.47505220236056767,0
-0.4772363621687763,0
-0.5504932338196639,0
-0.5870505910896672,0
-0.6068704469830731,0
-0.5921380396662141,0
-0.5731586885512979,0
-0.5802500870895843,0
-0.5776958918159251,0
-0.5888311953806581,0
-0.5957817037228281,0
-0.6180004753286957,0
-0.584593899855141,0
-0.5971621904699137,0
-0.5575279618788967,0
-0.33743632025780795,1
-0.32770005765964166,1
-0.4154905619650086,1
-0.449626176202304,1
-0.43643060949905194,1
-0.4588865720283523,1
-0.43236673540441184,1
-0.4061218614319125,1
-0.4364934372790105,1
-0.4185968124693729,1
-0.4170131967881218,1
-0.3994144409686151,1
-0.4192073197799889,1
-0.42157137863841904,1
-0.4226750295944129,1
0.9971725831210208,0
0.9953118333772679,0
0.9315387376837215,0
0.6626872283579388,0
0.02153519506087182,0
0.5286848402054785,0
0.05085957093208158,0
0.1357042965438017,0
0.418626805093582,0
0.62405406199977,0
0.2102964894510377,0
0.20601917766228614,0
0.538742436234863,0
0.5428775625280536,0
0.4095363819411942,0
0.7793662643300507,1
0.7938223205588609,1
0.81758806415139,1
0.7381627906511431,1
0.7156136347128284,1
0.46591539913353414,1
0.34144190366046656,1
0.3335553638832968,1
0.22215621750538245,1
0.03252604183643724,1
0.14683094246509676,1
0.22839709307703002,1
0.4612034829344242,1
0.37960402391438336,1
0.6543622751940135,1
-0.5373669366865274,0
-0.4295001402080273,0
-0.4588823156322694,0
-0.09716035014547018,0
-0.284988815578951,0
-0.046804760755308185,0
-0.1332775501253502,0
0.3310100407764172,0
-0.13327451634097756,0
-0.18087531514364935,0
0.19239575225075242,0
0.06043770912602546,0
-0.02877844411899705,0
-0.19793707060340626,0
-0.1088445923681354,0
-0.3330421952421765,1
-0.5123424303995092,1
-0.4600986241773133,1
-0.5234618420547539,1
-0.4635258109164309,1
-0.45032374956382976,1
-0.3968012127846735,1
-0.3724379047418505,1
-0.3821070369281389,1
-0.38026524358339203,1
-0.36212171194425846,1
-0.3684752702654785,1
-0.30061962855371377,1
-0.3285644036414926,1
-0.363183099849303,1
0.8590608795665585,0
0.9300756351874783,0
0.9108785952581469,0
0.6639700013735632,0
0.5930490926165055,0
0.3415137274370493,0
-0.03331700733045532,0
-0.26901067397842426,0
-0.2686291928913379,0
-0.17414604892642835,0
-0.03455071413114977,0
-0.21002560599998554,0
-0.041673011398115925,0
-0.027519977219866272,0
-0.1838153989928105,0
0.09937219953249818,1
0.254344712651472,1
0.3743752980450203,1
0.293691253122096,1
0.2086619687436733,1
0.1149512683211347,1
0.11313191444494938,1
0.043525608894014745,1
-0.06864156883871639,1
-0.053145027513327135,1
-0.030021211880602593,1
-0.05160775147127927,1
0.01978260248001799,1
-0.10396284304127433,1
0.02356206218598825,1
0.42410244404953334,0
0.1433869484341213,0
-0.10217032904235886,0
0.30156428195536367,0
0.5854359792306547,0
0.8242395168750509,0
0.46327462705752914,0
0.5044187249881905,0
0.5865344168429217,0
0.6007587307363864,0
0.47517557494709106,0
0.30443237059252365,0
0.07444975628891687,0
0.20476982996380633,0
0.30402534255298,0
0.06540922058971234,1
0.09794075512175317,1
-0.002145685072352821,1
-0.2297406404140114,1
-0.31723987098659856,1
-0.3749970164278636,1
-0.3586920694249073,1
-0.3970941125009675,1
-0.44591055907038213,1
-0.43992367514492897,1
-0.43411704104155907,1
-0.4263387739613415,1
-0.4798273417667204,1
-0.4556560067373054,1
-0.45296434656416523,1
0.6888984567035482,0
-0.5020234509619123,0
-0.634413808408028,0
-0.49016246647279127,0
-0.49987229287128226,0
-0.5344953495828386,0
-0.6176957253362656,0
-0.6082526119720313,0
-0.6315900371788495,0
-0.5727517655769193,0
-0.6064090223601374,0
-0.5804266852340288,0
-0.5813711336357068,0
-0.6241946084428581,0
-0.613692804649794,0
-0.3161955882775291,1
-0.2798136014083735,1
0.003054528593803372,1
0.02533425061403574,1
0.08868564326376313,1
-0.08534872337203812,1
-0.06620399964227006,1
-0.13846921886691677,1
-0.3457439042855965,1
-0.3067737462465022,1
-0.30462318954980566,1
-0.2724259845455952,1
-0.2620558376908639,1
-0.16741470374155934,1
-0.19972189822997186,1
-0.45009985950012377,0
-0.3982671712306349,0
-0.36729707252270016,0
-0.45237309243500257,0
-0.5130484918438157,0
-0.5649382531887917,0
-0.6231931525511059,0
-0.5758920466700386,0
-0.5354137760285591,0
-0.5037889851896212,0
-0.45216323494460203,0
-0.41677604258237916,0
-0.4200201898155241,0
-0.40417723836342756,0
-0.35889991499001395,0
-0.03818559400176896,1
-0.10664423749713753,1
-0.23899688665007682,1
-0.28415221480584385,1
-0.3301261142993374,1
-0.33393846991426746,1
-0.3504705359177215,1
-0.26649354978461576,1
-0.1086524697418112,1
-0.10521299259410385,1
-0.14902018232283148,1
-0.21353056892321215,1
-0.3075233307579953,1
-0.31506844827634634,1
-0.36457461582282435,1
-0.6419770684254043,0
-0.5523038366190217,0
-0.4917225736108878,0
-0.5655140840672107,0
-0.5878411356315919,0
-0.5881563952327951,0
-0.6157516916095003,0
-0.6111022076624095,0
-0.6108538540849694,0
-0.6047402847903036,0
-0.5665304835627839,0
-0.5695962745999091,0
-0.538578882334535,0
-0.5186419815607299,0
-0.5772042750431051,0
0.012541267219518142,1
0.013245545012880765,1
0.09679559029643214,1
0.018048797752990113,1
-0.15712089769678203,1
0.04231955141416465,1
-0.21879587368385686,1
-0.23138832326815978,1
-0.2757905474930828,1
-0.2830692204279267,1
-0.30180833760204134,1
-0.3639563257751445,1
-0.32849784300968904,1
-0.4252573082127201,1
-0.42060891790012506,1
0.7843304994184463,0
0.752282344133035,0
0.6003885069211533,0
0.7926110366466477,0
0.9095856147778442,0
0.968955647388284,0
0.9675577352440057,0
0.9475327235375436,0
0.8546094969587259,0
0.7664820840602116,0
0.7608791182211389,0
0.7177137165692367,0
0.7115662545484716,0
0.7205622605472828,0
0.8321202163915574,0
0.9260407036244368,1
0.8986091958113469,1
0.8722729226770567,1
0.8338742997714398,1
0.8000574030207609,1
0.44060961514173774,1
0.4039407211119238,1
0.3209353117945209,1
0.1883277697965654,1
0.2180861056694994,1
0.2885357537385102,1
0.10353441337802571,1
0.02620782592554048,1
-0.1270653190457927,1
-0.28546193444882323,1
0.3549721167132242,0
0.9255125004189748,0
0.903494219495761,0
0.8277023841525513,0
-0.5804141674043293,0
-0.6228866726865375,0
-0.6049238184250085,0
-0.4946554925850171,0
-0.5350544270037634,0
-0.4840669510503611,0
-0.6034671514713943,0
-0.45531832212233475,0
-0.454675609779526,0
-0.6264345370054826,0
-0.4876636280362922,0
-0.6299448139967658,1
-0.5134341501138098,1
-0.4984671034001607,1
-0.17278924349298824,1
-0.1580286351232361,1
-0.3245974652015696,1
-0.26037875316874387,1
-0.2942952536957697,1
-0.4213064051786352,1
-0.40775950752910894,1
-0.36704327920066243,1
-0.42623548261892674,1
-0.37490987275375715,1
-0.42246199475387974,1
-0.4602967823299666,1
0.07131437970235459,0
-0.06874952459567388,0
-0.013816036901015856,0
-0.12679604428328928,0
-0.3538762374741961,0
-0.44353597517412036,0
-0.5200153006503053,0
-0.516469602526733,0
-0.6017441300416994,0
-0.6350363990341997,0
-0.6541913139721854,0
-0.6613369946205959,0
-0.6576832280647144,0
-0.650177409275544,0
-0.6585626614465934,0
0.7230342282591152,1
0.8775036042013812,1
0.7309308088555453,1
0.507752735277667,1
0.5289548113958877,1
0.7163423659154534,1
0.5847995105120161,1
0.5404774704314556,1
0.7971783853888255,1
0.6927192312694087,1
0.7149319922472978,1
0.8520460207511127,1
0.8838343100969089,1
0.8786682593522254,1
0.7814856323488855,1
-0.34494611230784294,0
-0.45559679839699363,0
-0.5684927578655329,0
-0.419310733638678,0
-0.5659645642857135,0
-0.5561950170718636,0
-0.5415331917040576,0
-0.5145834680966552,0
-0.2320759611463189,0
-0.20599339519771118,0
-0.3152175067026281,0
-0.3435820509312331,0
-0.558747450518189,0
-0.6328455086306718,0
-0.4723822352057076,0
-0.31225193107217103,1
-0.0967405504657299,1
0.037257920403829796,1
-0.31498437810377156,1
-0.0032656714352124715,1
-0.38147194631357784,1
-0.4758702800484062,1
-0.4387560880868093,1
-0.49757833544784863,1
-0.4533196695079215,1
-0.310822847565421,1
-0.3433651342686287,1
-0.2617099778448376,1
-0.22705531368383255,1
-0.2880403782730888,1
-0.3321707583763544,0
-0.4264075001981351,0
-0.5296011901488188,0
-0.6091642544585898,0
-0.6001715805063601,0
-0.5995672601622974,0
-0.6564326198623048,0
-0.653061476827795,0
-0.6840283672925216,0
-0.6901492973634152,0
-0.6966138240994989,0
-0.7092193440699746,0
-0.7147496468840197,0
-0.6986008522029394,0
-0.6858682699123392,0
0.02307350164233495,1
-0.03817979913463152,1
-0.08482396656222022,1
-0.17520838603197864,1
-0.2331377659742383,1
0.15394156047013927,1
-0.08433164215174786,1
-0.13114164387200797,1
0.01612151470561891,1
-0.17685564630418824,1
-0.2071278433548512,1
-0.1991489729318989,1
-0.17680036234819776,1
0.03359190645638695,1
8.631951533084897e-05,1
-0.17836852241526438,0
-0.18327386148215039,0
-0.18897774854107352,0
-0.17271482408717767,0
-0.16124360935624912,0
-0.1602517608248661,0
-0.158957221609713,0
-0.16687121605811361,0
-0.1666105382831299,0
-0.15548250249728057,0
-0.1718859528029581,0
-0.16837081119654126,0
-0.1743702984984912,0
-0.17090076940799737,0
-0.17869659060523127,0
-0.6060429731452508,1
-0.48711500706779565,1
-0.4687352257041353,1
-0.5781710604847313,1
-0.5133746824776756,1
-0.6007633796016117,1
-0.6040679009167229,1
-0.5750787282350035,1
-0.5891460102951234,1
-0.6296879693760947,1
-0.551834447145597,1
-0.5121511086559427,1
-0.5230308765619818,1
-0.6582770543781221,1
-0.5920819129631627,1
-0.39545040419021166,0
-0.5300202205769764,0
-0.48909442712411433,0
-0.5256175505440144,0
-0.5187966696875456,0
-0.5492017330146404,0
-0.519110731862944,0
-0.6014171191170936,0
-0.6078152192988506,0
-0.5552401782784836,0
-0.5584108316462939,0
-0.28648311805680643,0
-0.5253625247907477,0
-0.48306767485723273,0
-0.4927638350896857,0
0.8168238073733636,1
0.8302073725543628,1
0.8328008752811464,1
0.8253432245185933,1
0.931773451363013,1
0.8420821834902984,1
0.8918003944663424,1
0.8922210167919158,1
0.8221463496622164,1
0.8393483319106995,1
0.8374702276891534,1
0.7102092411119564,1
0.7094520194527602,1
0.7421002585861411,1
0.7172190843280757,1
-0.12308393496790408,0
-0.28746847045703466,0
-0.3276405484396389,0
-0.41759503612463716,0
-0.46104959596466377,0
-0.4248374653086842,0
-0.5469382052027739,0
-0.5500482668826377,0
-0.5534044514330716,0
-0.5738033834486116,0
-0.6443088403535067,0
-0.6310739317764508,0
-0.6721991403125919,0
-0.6760842060786344,0
-0.7024899902158539,0
-0.3041193537537745,1
-0.3063723702737984,1
-0.12687131807117147,1
-0.14178754846026068,1
0.05664119221860761,1
-0.2547710844232964,1
-0.06831809097394262,1
-0.1681664612430811,1
-0.010681066853726339,1
-0.2682679885180034,1
-0.23151019419735927,1
-0.21040209099534568,1
0.00927619023395514,1
-0.26284409377263535,1
-0.40047560024514023,1
-0.5442296215056778,0
-0.1927164821556311,0
-0.24889587118913187,0
-0.37821574431908955,0
-0.4213363162768072,0
-0.38870820351372964,0
-0.4488695753212309,0
-0.4489772192438175,0
-0.4431416948649031,0
-0.4555283799466811,0
-0.5086798786781905,0
-0.4595551782087814,0
-0.4315450484604931,0
-0.35281040693185667,0
-0.38415407389389683,0
0.94780316419751,1
0.9043629471396211,1
0.9748423728216855,1
0.9722473246300896,1
0.9997343497843777,1
0.9665074907462211,1
0.9857970246946947,1
0.9714673237105187,1
0.9227811385101994,1
0.8897318422173345,1
0.8720482922800908,1
0.8884059303630171,1
0.6139140800371482,1
0.5936761626048349,1
0.4755916335341873,1
-0.1091604098485111,0
-0.12907326954056592,0
0.20627757403436434,0
-0.11255858107321627,0
-0.15802386712470326,0
-0.20919969898244678,0
-0.17006662437747716,0
-0.1918907549545604,0
-0.1817773078361013,0
-0.4443399656082794,0
-0.25058582251076156,0
-0.3500294952029016,0
-0.2543127993892578,0
-0.30042664670853053,0
-0.4242185659421275,0
0.6123625702260415,1
0.7359150946513899,1
0.8394279472187629,1
0.8631945497758964,1
0.8187400864284031,1
0.8631691385793316,1
0.9499125292543257,1
0.8588537032643664,1
0.8268396020937354,1
0.8379510371858069,1
0.9769834063515117,1
0.97411654623691,1
0.8572940061573304,1
0.9640802799849438,1
0.9638876131712611,1
-0.45087294156350394,0
-0.5900500306443667,0
-0.6575537042638208,0
-0.6258483803674483,0
-0.599976859027986,0
-0.5356440828901594,0
-0.6208473123019607,0
-0.6264503849906372,0
-0.6874362518411651,0
-0.6973576602923298,0
-0.6743674872262753,0
-0.6734670056720968,0
-0.6351129837098066,0
-0.6398711311224043,0
-0.6872894658738333,0
0.9442343446948521,1
1.001671471933452,1
0.997578495897762,1
1.0011950899761217,1
1.0019189439837277,1
1.0153459026910232,1
1.0060736590523516,1
1.0085787053594517,1
1.0131886880928285,1
1.0169631397798056,1
0.9704015577427308,1
0.9556344643846437,1
0.9548252480913262,1
0.9584533219782394,1
0.8500816645666737,1
0.17431746601428014,0
0.23560369163557077,0
0.024359269151640255,0
-0.09131340928211235,0
0.6193066256395533,0
-0.10619053918487291,0
0.5235570215776929,0
-0.06243076498872418,0
-0.03806894909745052,0
-0.13710076563211804,0
-0.20303510690976026,0
-0.4658624088507484,0
-0.4247043402152045,0
-0.4869104957040045,0
-0.4325603842454627,0
0.004666348730094508,1
0.13372782574195202,1
-0.09723695121779384,1
0.6628478434211288,1
0.21868921427460072,1
0.01122142354001458,1
0.20676190119960028,1
0.13169275403099165,1
0.5699066185344563,1
0.19254816325604443,1
0.21667294340670068,1
0.2086444059528816,1
0.8642826182396642,1
0.7257414644209832,1
0.8373639395943622,1
0.3947694941345747,0
-0.011838019301549544,0
-0.23514319513292153,0
-0.18234721197133572,0
-0.12547514802498436,0
0.03998497912210529,0
-0.00715782414092567,0
-0.004213027756971006,0
-0.03059900506553005,0
0.130661279309656,0
0.1448890564693102,0
0.1379942961196487,0
0.10038215417514558,0
-0.12206053885986903,0
-0.16334778981060297,0
0.9682875971428508,1
0.9562684370790235,1
0.9687448056933134,1
0.9635710346344675,1
0.9581661669084429,1
0.9645229931008853,1
0.9411764773376351,1
0.9677427337846866,1
0.9638170294957874,1
0.9734221883218255,1
0.9663933752391834,1
0.9777401704167695,1
0.9722542823999358,1
0.9610099935765163,1
0.9832954590198928,1
-0.6236602092237116,0
-0.6513352539540064,0
-0.6679600637325376,0
-0.6582593751474942,0
-0.5873655572738212,0
-0.5730759804631577,0
-0.6423307594731746,0
-0.66110479833323,0
-0.6553857447142355,0
-0.6829359334033261,0
-0.7134669858536873,0
-0.7429331323316861,0
-0.74731772933644,0
-0.7246648166460128,0
-0.7455961844255512,0
-0.5594124461457771,1
-0.6656974340173276,1
-0.6105722968075568,1
-0.727516954410882,1
-0.6634537948861191,1
-0.7004863232431833,1
-0.7341335058990655,1
-0.6960769490685808,1
-0.59706216046669,1
-0.5188536927823792,1
-0.5871716688730597,1
-0.5584135559484671,1
-0.5451998648234708,1
-0.552271370060412,1
-0.5747582142570251,1
-0.6601116114358851,0
-0.6970788518090476,0
-0.6727721924241272,0
-0.6824547283347624,0
-0.7003357359815632,0
-0.6974044373187483,0
-0.6780801052679426,0
-0.7193229785602729,0
-0.6646544175056776,0
-0.6644920180624434,0
-0.6541259062734303,0
-0.691888993870507,0
-0.6757227738070708,0
-0.7159787907637163,0
-0.6893523174145268,0
0.9062033392030868,1
0.9471604633830365,1
0.947505505045261,1
0.9494305427659153,1
0.9580783432623375,1
0.9018433364268331,1
0.9443470405476563,1
0.950999563166477,1
0.9637201279346252,1
0.9700830601197643,1
0.9623187081159107,1
0.9417426955345184,1
0.8981022832345016,1
0.9647729565896741,1
0.9290770228988431,1
-0.5838629957445137,0
-0.6410891365682421,0
-0.7047277264462759,0
-0.7111223495738391,0
-0.7154100352915753,0
-0.6973107369634973,0
-0.7209122571377526,0
-0.6447387657320475,0
-0.6773570488990582,0
-0.546107042103317,0
-0.634831474215728,0
-0.6184160073012569,0
-0.5746036144413822,0
-0.493437780295328,0
-0.45787460101959576,0
-0.31937531323211676,1
-0.37738932891954136,1
-0.45003106796094555,1
-0.5717492242946458,1
-0.5999887428370297,1
-0.5706008169621728,1
-0.576972829085617,1
-0.6010302226287461,1
-0.6037935163185951,1
-0.6292150015740868,1
-0.5999217952494492,1
-0.6211117107749452,1
-0.6157196910293298,1
-0.5108505739552182,1
-0.5404604227637625,1
-0.3837456440377117,0
-0.3324546479303273,0
-0.3088930718110048,0
-0.2914805605688724,0
-0.28490706872104277,0
-0.42015010228340777,0
-0.39288778738487046,0
-0.2969062931753824,0
-0.08970686585590944,0
0.2243482093116192,0
0.6743332533421605,0
0.7947016752262244,0
0.564106701897347,0
0.8755021272518858,0
0.7529870626512505,0
0.7220109976819282,1
0.7406759667115096,1
0.69371090083637,1
0.6562908616547534,1
0.6711048548522289,1
0.646047817710521,1
0.6792459908747821,1
0.6866163787597507,1
0.6666918942244627,1
0.6391008761289703,1
0.6862124710652941,1
0.6863119365750731,1
0.7154325686956156,1
0.6530603779452862,1
0.6482430217843067,1
0.10831877806599874,0
-0.09525224221580296,0
-0.1200736871337389,0
-0.12970071498965374,0
-0.11696296175862393,0
-0.22833812738312714,0
-0.38630213772000427,0
-0.619132558980383,0
-0.7391817303000653,0
-0.7641163533898524,0
-0.7036452383968749,0
-0.48445148221624895,0
-0.34263522401439467,0
-0.2952090415802273,0
-0.3247761581712746,0
-0.14966439547326776,1
-0.5619381979078278,1
0.17841538427263282,1
-0.041098688883311245,1
-0.2662220828910626,1
-0.5471958785650846,1
-0.5773121581687894,1
-0.49749204392815416,1
-0.5108141190887787,1
-0.5533393048931026,1
-0.5212175578454622,1
-0.4684254593908064,1
-0.3962843265358693,1
-0.44294980792096744,1
-0.4579040479309187,1
0.8123595765733899,0
0.5803928119945275,0
0.5881589662358304,0
0.3584113163760364,0
0.3727230195246597,0
0.389842224711287,0
0.37824855341537106,0
0.4628319078040801,0
0.3617287439216714,0
0.140501620987472,0
0.13661139570034694,0
0.41694574521411026,0
0.4851168308582767,0
0.8247341064976236,0
0.9217779455035419,0
0.8236974345571871,1
0.788169905706889,1
0.7870904390958944,1
0.7726592312458117,1
0.7716271298388921,1
0.6628346894232489,1
0.6923181983626387,1
0.6639141231693956,1
0.638359429985861,1
0.6334891922581817,1
0.6393490786210909,1
0.5992295061229138,1
0.5563564288673941,1
0.5426757873426374,1
0.5444306925138382,1
0.15903215297369966,0
-0.10672546068938271,0
-0.1269812629333669,0
-0.1331882118734496,0
-0.19807346119952496,0
-0.4876796148227425,0
-0.6891993669947108,0
-0.7891167112629506,0
-0.7247980432582128,0
-0.5592964055585288,0
-0.5275432117000287,0
-0.20385320769583573,0
0.00749859784726513,0
0.057132197669698626,0
-0.209641086619184,0
-0.5102280357012017,1
-0.49138794508135164,1
-0.441845991125739,1
-0.27055421561067383,1
-0.14850545902136486,1
-0.13079704998811195,1
0.330937454376173,1
-0.04184005331509721,1
-0.41655794569753823,1
-0.5860458604907081,1
-0.5164616319447446,1
-0.5374581579878146,1
-0.5014240845198638,1
-0.4668156129923851,1
-0.4631248037923437,1
-0.39193717329635375,0
-0.3299744471387791,0
-0.34707125406813005,0
-0.48023406392196183,0
-0.48534337855365395,0
-0.5531866502555923,0
-0.6110096708257967,0
-0.5895355240111523,0
-0.5715918434153624,0
-0.5014747492551046,0
-0.3868365246351207,0
-0.6291513053891913,0
-0.6476991094134855,0
-0.6375764306967284,0
-0.6665433302218476,0
1.0225078324689056,1
1.035493166951971,1
1.0313128271306795,1
1.021369072265482,1
1.0008847107091232,1
1.0351840812439699,1
1.0360498646539424,1
1.035912079497301,1
1.0237912274442926,1
1.0236285639763838,1
1.0306963759508532,1
1.0338491092800695,1
1.005919100709195,1
1.030765963232529,1
1.0266206954016939,1
0.4799314574003624,0
0.8222448986202827,0
0.7265103894549942,0
0.5261962689736519,0
0.6962711456026728,0
0.27578413653017547,0
0.17550368168192454,0
0.03839074897839345,0
-0.470474709520162,0
0.14914475704919078,0
-0.14715730970815027,0
0.2970007783623144,0
0.5303962000708761,0
0.29484964914514805,0
0.31155292102028587,0
0.2217150617535865,1
0.09974175677562627,1
-0.5550636680279137,1
-0.5866182698775991,1
-0.2942839012024465,1
-0.48195029773663967,1
-0.4815440040069348,1
-0.5362092365039332,1
-0.5868405287478143,1
-0.5917548267205242,1
-0.5777586345095843,1
-0.5645435404857799,1
-0.5677891655851406,1
-0.5455724440671301,1
-0.5632019416077617,1
1.001258765277519,0
0.9347924815616201,0
0.9952121694934508,0
0.9813749276415981,0
0.9518673852599729,0
1.0018374319910073,0
1.0150744366479338,0
1.0135962006775792,0
1.0152590550113825,0
1.017711353105563,0
1.0130603085887537,0
1.0229806718969452,0
1.0188693034618386,0
1.0096222406511621,0
0.9386059692439626,0
0.5646475615408186,1
0.10755703423413056,1
0.544157690823461,1
0.6810375490347372,1
0.45681529662114334,1
0.23689208011127058,1
0.19567989440813294,1
-0.04920517852899763,1
-0.24099709517571155,1
-0.21163758425600562,1
-0.39262271334945853,1
-0.33849531742895705,1
0.3240044874077253,1
0.44685525483829186,1
0.7793312741602991,1
1.0216060876128066,0
0.18959334186201338,0
1.0287580111952264,0
1.0297237044265313,0
0.9958124811845928,0
1.0321434263894194,0
1.0294319939606378,0
1.0276537813248259,0
1.0290805695663978,0
1.0237714404527027,0
1.0183071281563367,0
0.9896862036424785,0
0.9620093382156798,0
1.0165673795342622,0
0.9491054029491869,0
-0.025292082031271007,1
0.1015069726491681,1
-0.12216625162276012,1
-0.13762708213871133,1
0.014476351362695003,1
-0.11098071423933574,1
0.2526305943567097,1
-0.11270540010012492,1
-0.16426760640356627,1
0.06143266011264421,1
-0.1759606334354293,1
-0.1164644569976758,1
-0.20619536941902167,1
0.2738933670963566,1
0.879483128346727,1
0.47645441240542463,0
0.7167784763950944,0
1.0131954330334112,0
1.021387427938252,0
1.020118181748901,0
1.0124053085805746,0
1.008872283417117,0
0.9643209049491086,0
0.9883994393008876,0
1.019923480092147,0
0.906874629666654,0
0.9091682531775354,0
0.9174444716576656,0
0.8847444492879437,0
0.9047222660809848,0
0.6000215850979417,1
0.4692155448784343,1
0.5443861399515106,1
0.32671927729021644,1
0.09178139031473555,1
-0.3062642688261576,1
-0.2512549589595774,1
-0.25147891452354154,1
-0.44485641081744987,1
-0.3927110063044135,1
-0.39678163357848745,1
-0.18056583335725734,1
-0.2758435084976981,1
-0.2970026697944991,1
-0.16485273420001456,1
0.888526539528016,0
1.002430996130008,0
0.9532599289165387,0
1.0082362952699642,0
0.9476280627963044,0
0.9898670483489236,0
0.956790267903248,0
0.9622173101465025,0
0.9590120294613921,0
0.9574375654972658,0
0.8534567747392678,0
0.9751375824518307,0
0.9409777960396299,0
0.9273676096392209,0
0.9838333277270052,0
0.7289820430143084,1
0.8343446385902524,1
-0.02366108154550641,1
-0.08867883072957786,1
-0.19275251250447387,1
0.0225939657852252,1
0.08817057721427748,1
-0.016759999751255167,1
-0.001324121291500537,1
-0.023875057372721175,1
0.16689407463851846,1
-0.19443435517385757,1
-0.04710253533535881,1
-0.024569199986699167,1
0.6299506207574893,1
0.9731074042948392,0
0.9999974561144431,0
0.9581934715886844,0
0.9811523955778153,0
0.9936758720130362,0
0.9920094002405538,0
0.999818641234287,0
0.9804755271335321,0
1.0085414393996117,0
0.8457568714598253,0
0.9540437654128415,0
0.9646367377409282,0
0.9198048267738191,0
1.0106185455413836,0
0.9874071518932372,0
0.8637952830970039,1
0.6648476149509582,1
0.4273319533176461,1
0.24478416349782897,1
0.20317123768381962,1
0.3149048226538528,1
-0.10177985098810328,1
-0.17422062243376296,1
-0.29343189877268433,1
-0.401535470206079,1
-0.5084459712463165,1
-0.41924146918957883,1
-0.44458688192894,1
-0.39966709045746684,1
-0.08940220801072525,1
1.0258183422822282,0
1.0218062032250428,0
1.0249840732930093,0
0.963503392493064,0
0.9351414270139203,0
0.9933782071116974,0
1.0283932284108133,0
1.0107250460142974,0
1.019433101301617,0
1.0151807374642015,0
1.0105438921387673,0
1.0179931163577391,0
1.0306655729585723,0
1.026438284443705,0
1.0065751164880976,0
0.9762006882369703,1
0.9879015259095583,1
0.963132006658324,1
0.37931853677474736,1
-0.07266126156794817,1
0.035107968180637904,1
-0.31255869355082444,1
-0.2251706844120533,1
-0.09866396739247381,1
-0.2020393320510675,1
-0.23425291809610505,1
-0.3957014557008266,1
-0.472182836293461,1
-0.5222398538869079,1
-0.5122829946406517,1
0.7005294996305186,0
0.5988836311404321,0
0.7066991906702759,0
0.6014279091682154,0
0.702722697396022,0
0.5315657708783065,0
0.5603981409088102,0
0.562027979921413,0
0.6008375717780003,0
0.5618334924364913,0
0.581141707714023,0
0.6133986640982042,0
0.5942854416724223,0
0.6016753064945306,0
0.7777184922001518,0
0.9657792356858366,1
0.28084565210068235,1
-0.09779419354329395,1
-0.35990791621448587,1
-0.4453844457918876,1
-0.5770775944651828,1
-0.6085179331087264,1
-0.6512638883221176,1
-0.6585670004513244,1
-0.7016255602405046,1
-0.6879830409718253,1
-0.6742762738037487,1
-0.6650445186239687,1
-0.6229489481259674,1
-0.4831490897133363,1
0.9140088024982437,0
0.9475674738131423,0
0.9229709621991976,0
1.0037043607659204,0
0.9000510335581002,0
1.0115140497194357,0
0.9940073899572157,0
0.9963680319898027,0
1.0140283357124236,0
1.0124875790039296,0
1.0122352862272987,0
0.9935420700757991,0
1.018129087126623,0
0.9927317058530312,0
0.9988280316751176,0
0.07265122075393667,1
0.23789376510174107,1
-0.0280309420180748,1
0.31815261978943316,1
0.9543197678440928,1
0.009671004838346221,1
-0.11045262073300437,1
-0.32139211793539957,1
-0.12891067183125982,1
-0.25249684001887834,1
-0.37547203427390874,1
-0.2341240589728419,1
-0.24850058996356056,1
-0.2974672444572971,1
0.14426851244468547,1
0.9824564823796883,0
0.9912043108049109,0
0.9601785020434476,0
0.9989590520373683,0
0.9485243378445268,0
0.9833220822195594,0
1.002315551186441,0
0.9846986218468895,0
0.9923655553585623,0
0.8197456478084088,0
1.009565059444781,0
0.9909006363071482,0
0.9594385964560381,0
1.0250702890444021,0
0.9995792858451626,0
-0.24841061564317551,1
-0.35442779841834177,1
-0.5229382867335889,1
-0.42989909698352174,1
-0.4544749041348141,1
-0.5950858318595178,1
-0.5446054807735475,1
-0.5683558405386222,1
-0.5241235514966172,1
-0.5429708828677224,1
-0.5313046584656432,1
-0.539111022114919,1
-0.5440353079728095,1
-0.5811587475388996,1
-0.4755520659496962,1
0.8759389836238148,0
0.7690910285347112,0
0.8322600112077179,0
0.5731374182608346,0
0.6906120854605758,0
0.8015032940767188,0
0.9145392226809398,0
0.9971540171012879,0
0.984283382793812,0
1.0080313101955305,0
1.0066661212778427,0
1.0063744658618325,0
1.0099284606797851,0
1.0138201855009656,0
1.0015909698896968,0
0.7830996403774583,1
0.6015618380345668,1
0.560688305333761,1
0.2854078696616628,1
0.5176729113071651,1
0.3822047341144087,1
0.6038493676996611,1
0.40745110547016206,1
0.3973245669275592,1
0.2691715916451391,1
0.20051635654798997,1
0.14165443936185748,1
0.12844119989480318,1
0.5754306685652837,1
0.7255023873916664,1
-0.8096613374693806,0
-0.781610798926957,0
-0.7308161651052684,0
-0.7382303375802974,0
-0.6528176207625742,0
-0.5976685375108995,0
-0.6885627019162421,0
-0.7162469089483422,0
-0.6390918821692518,0
-0.6435167255311897,0
-0.6790057846327611,0
-0.6752961676089042,0
-0.6927725237595447,0
-0.6979067902541676,0
-0.7332211351873981,0
-0.6370914845972743,1
-0.6281907605988561,1
-0.5986578094543801,1
-0.5792929228104928,1
-0.6011245569547107,1
-0.5794523994539126,1
-0.5893765549666758,1
-0.5761870616204597,1
-0.5628382638840471,1
-0.5725904461483897,1
-0.5846295505290916,1
-0.5808908358630303,1
-0.5762293775084286,1
-0.5623089842787886,1
-0.5634467575645079,1
-0.3354773281192257,0
-0.47747022415909407,0
-0.5464483319753182,0
-0.42154535302243856,0
-0.3732535026299631,0
-0.39333133960650024,0
-0.3964617175284374,0
-0.4840862143985439,0
-0.43975394635460663,0
-0.4246717288026395,0
-0.4670257941970116,0
-0.3607595711124258,0
-0.3243884445943609,0
-0.42664707774168514,0
-0.3966004043976198,0
-0.5610693209005507,1
-0.5910114050633922,1
-0.6184284787087779,1
-0.6559725915361557,1
-0.74109680351271,1
-0.6791717036441768,1
-0.6578567942383365,1
-0.6530562099393687,1
-0.6544176973994393,1
-0.671510354907722,1
-0.667000374375048,1
-0.6500331472573038,1
-0.6583255130712822,1
-0.6544445201284932,1
-0.6527461264402871,1
0.9129448938387785,0
0.8434182285828054,0
0.09632682835114283,0
0.5994795325616832,0
0.7285020093795266,0
-0.49064254576646404,0
-0.5094003792976898,0
-0.6448657135179747,0
-0.6937837799767752,0
-0.6715453976675031,0
-0.7071048933705343,0
-0.5933020440367857,0
-0.7217104698551472,0
-0.7179335881917999,0
-0.7036458525545243,0
-0.7674637654201822,1
-0.6457664858462074,1
-0.6305147701655242,1
-0.6164251031427483,1
-0.6600675269112303,1
-0.596403409964226,1
-0.579531786974902,1
-0.6280535456070568,1
-0.6241333500616545,1
-0.5979471903480482,1
-0.5944095149098504,1
-0.6142083991523546,1
-0.6196269750353732,1
-0.5943091379336399,1
-0.5618148060118702,1
-0.36234394198613634,0
-0.5080208406191203,0
-0.5500172452957359,0
-0.5861960585077173,0
-0.6335403224776005,0
-0.6529201512201156,0
-0.7054271102415359,0
-0.7305502840423915,0
-0.7554433310045744,0
-0.6759426015405642,0
-0.7141301750406426,0
-0.7157143397887757,0
-0.7282189897207008,0
-0.7377043643343136,0
-0.775331280137413,0
0.8475134282047799,1
0.7983590524437857,1
0.751809168265656,1
0.8576220953989655,1
0.5852903755744708,1
0.259555237365701,1
0.11741417279287636,1
0.2572510366424818,1
0.09416156010732504,1
0.13186911315701513,1
0.07507231225707184,1
-0.03575505913721532,1
0.0265862106479765,1
-0.012327335495326178,1
0.021400943719903788,1
-0.7456460807199502,0
-0.7699798231198913,0
-0.7991658844759041,0
-0.8012606691589448,0
-0.7577724846797772,0
-0.6747192796622768,0
-0.5863193199525726,0
-0.6364283135232597,0
-0.654929746652707,0
-0.6744220770351514,0
-0.6680114071240393,0
-0.698757918990366,0
-0.6861744103123079,0
-0.702306528296487,0
-0.716946628639548,0
-0.3951267940493872,1
-0.3600908818934533,1
-0.4059160606829758,1
-0.5047094018508909,1
-0.4521433787812841,1
-0.5137163521705501,1
-0.20141963088637627,1
-0.22613680434873373,1
-0.36482727092586675,1
-0.5234687753222488,1
-0.5864866337365063,1
-0.561014440131921,1
-0.6054603429257492,1
-0.5881410941573695,1
-0.5709642243052708,1
-0.3781357068356814,0
-0.5937656177941374,0
-0.7107928994139211,0
-0.7760686546936866,0
-0.7604687204657694,0
-0.7656637419042179,0
-0.7329161956430893,0
-0.7361430144323466,0
-0.7357346912847224,0
-0.7159555542885707,0
-0.7166791880579689,0
-0.7361749038549892,0
-0.7543109293428495,0
-0.7819578207816833,0
-0.7385032815472654,0
0.69868749297396,1
0.9710661908383542,1
0.9534812802292301,1
1.029927476652993,1
1.019152311762101,1
0.8455816860602569,1
0.7592729093183377,1
0.3195525675205229,1
0.6910416600835586,1
0.2941448045173007,1
0.17648731052301317,1
-0.005366380435519301,1
0.0843924894725819,1
-0.03012412212585432,1
0.055742993469499943,1
-0.3902745058395508,0
-0.33247483445745774,0
-0.47768812061368326,0
0.1562313492346511,0
-0.3430600477900025,0
-0.5843242873117066,0
-0.5453228977067938,0
-0.5400264016082441,0
-0.5811636214813685,0
-0.36720102673252186,0
0.3112251734565355,0
-0.008997269061499601,0
0.8792215181059522,0
-0.1600822774795945,0
-0.44005296286491186,0
-0.5090903843851122,1
-0.359533243883472,1
-0.1408769920918217,1
0.12928129334077174,1
0.17055067314242497,1
0.08066029828110102,1
0.010731605153613656,1
-0.06345506547634838,1
-0.15841074840741448,1
-0.26660909718030157,1
-0.35009378549395453,1
-0.2912176618510142,1
-0.3176065797845365,1
-0.3482859876202635,1
-0.22044792111357775,1
-0.5876930254212903,0
-0.7234777019480928,0
-0.7663726497616874,0
-0.7552405990844118,0
-0.7236847003091589,0
-0.711377682451792,0
-0.7260821819923114,0
-0.7614570979202152,0
-0.7629709347888319,0
-0.7596069687518645,0
-0.7690400455849945,0
-0.7722306077962844,0
-0.7687012191057101,0
-0.6329619063343696,0
-0.4212627703843792,0
0.9364108999378433,1
0.9933010853863429,1
0.8271269050179076,1
0.6989679647460992,1
0.2910373592349248,1
-0.05904952778805383,1
-0.13314636225531198,1
-0.21090708691375834,1
-0.2227121957871419,1
-0.28235519826277933,1
-0.30250467110275936,1
-0.31842399669736987,1
-0.17045661059308792,1
-0.32156964164725377,1
-0.2557390738605851,1
-0.5293878691033862,0
-0.4903400477040438,0
0.5673598605907648,0
0.009504105757971993,0
-0.4723984138070905,0
-0.6457056586607508,0
-0.677689947185307,0
-0.7084130647326433,0
-0.6858145153489464,0
-0.5574088187031006,0
-0.6397544098021386,0
-0.6826641095598645,0
-0.6577552886507783,0
-0.6023884818121902,0
-0.5265036404189051,0
-0.707195108114696,1
-0.6195436038798279,1
-0.5926688668503617,1
-0.5051977437966021,1
-0.28186966669710084,1
-0.35865488980889554,1
-0.4962908892398843,1
-0.5064428745911624,1
-0.5869845638654412,1
-0.6159906344119283,1
-0.6172188202109059,1
-0.6040400010604066,1
-0.5911611379031907,1
-0.5827269525988971,1
-0.5844031906052705,1
-0.6337266966688241,0
-0.6149670073372179,0
-0.5601710825278148,0
-0.5598731493668908,0
-0.7015015431985627,0
-0.7057574013904868,0
-0.7182535330743478,0
-0.7271405678591354,0
-0.7285472084735752,0
-0.7207693242665816,0
-0.7091140343745057,0
-0.7040477342467278,0
-0.7264513771796517,0
-0.7168966968195539,0
-0.7250788591096416,0
-0.6743303507532574,1
-0.4842536965150483,1
0.010035350926121078,1
0.364677462009977,1
0.9953832449654296,1
0.9993913684967325,1
0.9364315136060157,1
0.9223987459641901,1
0.9232374879605055,1
0.9338652889290026,1
0.8768784266843084,1
0.5990447585530699,1
0.6445258317827058,1
0.5114118888648669,1
0.892758240848524,0
0.3447657095943584,0
0.4907138719245915,0
0.4856740781327503,0
0.5911969553010827,0
0.8429351314221439,0
0.8157020324849003,0
0.6740462881125971,0
0.5776652294817549,0
0.23004993399867035,0
0.46501137246802593,0
0.5709168904647136,0
0.812441016584822,0
0.44264851721840975,0
0.866012046037292,0
-0.0006508219658615416,1
-0.2402147583260776,1
0.006878756464595518,1
-0.25868948264405056,1
-0.4188656516049482,1
-0.3999455274848904,1
-0.449194600661384,1
-0.44605070485298387,1
-0.44754852060163736,1
-0.43159202825348364,1
-0.44427680888522386,1
-0.44500432921500876,1
-0.33091920755645576,1
-0.22051679895279144,1
-0.00884890917737805,1
0.5494125958784021,0
-0.21400584188008007,0
-0.7115752207998397,0
-0.5131914942922596,0
-0.2421203426215421,0
-0.2398736452383003,0
0.20648112644684868,0
0.1770450774427232,0
0.13958444344270693,0
0.5307961332691421,0
0.8067183102192864,0
0.7807945142794028,0
0.751423251141849,0
0.9490042712190624,0
0.9664293588249682,0
0.8351333285390499,1
0.9271290928940665,1
0.9276733850312645,1
0.8092328784896519,1
0.7755331138741071,1
0.7813896538107257,1
0.7799495092530744,1
0.7706636185591332,1
0.8704064787829073,1
0.8156511868588218,1
0.8565034097875349,1
0.9161094815621715,1
0.8087311310605774,1
0.8373581068807955,1
0.9406305958899109,1
0.2642840647491167,0
-0.012297295733217129,0
-0.5960320076085939,0
-0.6352281347167935,0
-0.5530685811614545,0
-0.4461269709679702,0
-0.027026366111609045,0
-0.06255380359608903,0
0.4047461725915061,0
-0.49349048199016404,0
-0.38325857407450564,0
-0.5569913785239846,0
-0.3445773353310642,0
-0.45601113475043936,0
-0.42645393476082577,0
-0.4988038323618874,1
-0.35372870374847615,1
-0.25835278053247396,1
0.2576433590994632,1
0.28389079963109376,1
0.0981345821477638,1
-0.14383178725930915,1
-0.15366449013484806,1
-0.22849890611744245,1
-0.2940120886632177,1
-0.2271557022233259,1
-0.24517006645759978,1
-0.08077239655487757,1
-0.1575524380703623,1
-0.2400423801616102,1
0.006878619182525102,0
0.06774183390384701,0
0.8521822601090401,0
0.637285557136078,0
0.9511960209056202,0
0.9564082617755612,0
0.9649700132424028,0
0.9569941756706147,0
0.9630442899468074,0
0.9527720783172485,0
0.9590846508931512,0
0.9591258264663192,0
0.9653060927627318,0
0.9481429509355099,0
0.9638026927143118,0
0.8291291517537162,1
0.5679494021285698,1
0.9074062879104348,1
0.8808893724155107,1
0.9530405867039736,1
0.8511300599525689,1
0.7726721902826216,1
0.7578082640979555,1
0.7934730485683862,1
0.8042274238668156,1
0.9180422943140863,1
0.8620584736813098,1
0.8444611476755912,1
0.896274759461499,1
0.8873710175663078,1
0.5384832479322889,0
-0.1371693072884007,0
0.1500014052704216,0
0.18607893439291617,0
0.16610168500515896,0
-0.5971124941601975,0
-0.5227518650924604,0
-0.48916649935490764,0
0.15906448230512704,0
0.09676247673405704,0
0.12171351475423565,0
-0.6392724594001707,0
-0.5272524468952862,0
-0.6090754291949149,0
-0.6376758345683818,0
0.21378134014631275,1
-0.2713254805360814,1
-0.021534548851397994,1
-0.011108149840051144,1
0.10687709522091153,1
-0.006688574505460533,1
0.5543041711847762,1
-0.1890686125865822,1
-0.3434274306326445,1
-0.29596115299772136,1
-0.3754708473987941,1
-0.4582806374015854,1
-0.4463374176213521,1
-0.39192476177267066,1
-0.3941830702723009,1
0.07425303931016745,0
0.6029390012973874,0
0.7933830555098808,0
0.9103761259009743,0
1.0193200595458625,0
0.9949211434287304,0
0.9986688321740419,0
1.0243252983368987,0
1.0223403151710047,0
1.015909310951216,0
0.6191970487838308,0
0.9689507082378248,0
0.35578538224642,0
0.7261216447808115,0
0.9909733572064593,0
0.8847990666566791,1
0.42404856105964284,1
0.41109749577761984,1
0.3325857576530653,1
0.9583369524422934,1
0.9448908927230852,1
0.9397676477704456,1
0.8775586925887303,1
0.7821756360933899,1
0.819196742986271,1
0.797988010803819,1
0.8633943734486631,1
0.7863193420637311,1
0.7842553591568556,1
0.7863158522170014,1
0.23502180775864895,0
0.3362622797783267,0
0.7625583246039526,0
0.9340414719769478,0
0.9070454838895148,0
0.8819772093556709,0
0.9972318821389682,0
0.7419860171733744,0
0.8341802262583472,0
0.9930934123865545,0
1.002706417941263,0
0.8927165253812867,0
0.9557345537996943,0
0.993450872813481,0
0.8985905551096252,0
0.7093451772017381,1
0.7974158574407118,1
0.7973052232844171,1
0.8196623180421981,1
0.845440441105468,1
0.786541250907872,1
0.6986162706428545,1
0.4866955486193435,1
0.3493995205727558,1
0.20877897406847312,1
-0.12418239219344192,1
-0.006210061887948587,1
0.13252723610313613,1
-0.08471409069207046,1
0.002261368825195755,1
0.025874527553505125,0
0.4957972494522338,0
0.7300997488694873,0
0.8920906996487377,0
0.2018378481617018,0
0.9610224506258944,0
0.9632602442218325,0
0.9623241434422651,0
0.963578308648115,0
0.9964933916208131,0
1.0050394368743838,0
1.0131975250668288,0
1.0134922919744491,0
1.0107595735033361,0
0.9855953103229933,0
0.9972324857082137,1
0.9369918927154809,1
0.7387100960997925,1
0.6622601509832653,1
0.6644342122458246,1
0.6938847952173139,1
0.7591358037703945,1
0.78900697807648,1
0.8096044903098781,1
0.8282801508778972,1
0.8883399937608585,1
0.8885528929752586,1
0.8852095379631288,1
0.9699369629087297,1
0.8710407030136205,1
-0.4205058137456004,0
-0.4359863030277741,0
0.029616474844154157,0
0.36340739410524003,0
0.07108538677684197,0
0.03214435692694725,0
0.5720087120056018,0
0.8673231292034067,0
0.8180489247351024,0
0.7029743925716705,0
0.5271087035519303,0
0.8010805497022301,0
0.8648896771701883,0
0.8702801668608864,0
0.8578212797380863,0
0.013895319577639877,1
-0.13322248820661844,1
0.10292666728510555,1
0.24904288612296663,1
0.17131662352041582,1
0.14040631925785613,1
-0.18778193788850173,1
-0.25471167732782096,1
-0.38107185184583625,1
-0.38179934936257975,1
-0.44287061576247194,1
-0.3076596329203024,1
-0.34274718803044546,1
-0.28688437180017023,1
-0.21727270903755722,1
-0.37378281102055505,0
-0.005276892410951228,0
0.5754920240053009,0
0.7091928887389719,0
0.841959794066406,0
0.8575844471151617,0
0.9272745941714314,0
0.9007872064060254,0
0.917276134766407,0
0.91094306040879,0
0.9166125170809566,0
0.9368094811871541,0
0.9031004111957796,0
0.9129580582436948,0
0.892586764398019,0
0.923138255713098,1
0.9063192788005656,1
0.8600309693005352,1
0.8333012763441652,1
0.7251692613654601,1
0.6888310244540709,1
0.6850814750753292,1
0.6984673071065174,1
0.7401571896137548,1
0.7561628547450344,1
0.7056392274145573,1
0.6872927415465384,1
0.879703404111353,1
0.8227271607733299,1
0.7787044248050123,1
0.9002514183274728,0
0.6990361345173636,0
0.3747083580769851,0
0.15219095362338106,0
0.3204914419148351,0
0.397405026851212,0
0.34856687446477713,0
0.9665267624939239,0
0.9003313903299995,0
0.7636412547573986,0
0.44304488512315227,0
0.7572886960964915,0
0.43762162877254424,0
0.8715241734399807,0
0.9526451121965137,0
0.7581604954475324,1
1.013500615037809,1
0.7676878754482319,1
0.46133598613204996,1
0.2399313096734115,1
0.29308447590823483,1
0.19033453527555919,1
0.17663484311620803,1
0.18613118420464067,1
0.010132383925034778,1
-0.005223568187053969,1
-0.07464956240845817,1
-0.021251617285386153,1
0.8845358653228934,0
0.8275804046199723,0
0.3814864505313446,0
0.14594947452825394,0
0.686296768139889,0
0.7596267594091058,0
0.8952022237862857,0
0.9005642321785307,0
0.9605564537496709,0
0.9463683736490711,0
0.969931954029766,0
0.9758710808580624,0
0.9757245761406107,0
0.9918455969859149,0
0.9946407974201257,0
0.9862691370014386,1
0.9944514727279837,1
0.8241940909474753,1
0.6935004105963368,1
0.6365173905321366,1
0.5491633005211073,1
0.47331705048284944,1
0.5032756662013276,1
0.5485701285271571,1
0.582115572123632,1
0.6551239952317955,1
0.5259049346328661,1
0.48564318964143216,1
0.4910811244578574,1
0.8933182935180376,0
0.8489490228877488,0
0.8021311200471326,0
0.4119225543543045,0
0.037523309545383944,0
0.18374788895466262,0
0.3661763821162903,0
0.38326669485608894,0
0.4265186155573096,0
0.9755306154638214,0
0.9680755126835789,0
0.9909320053634401,0
0.9219797063950407,0
0.8027714585750495,0
0.7541370126805766,0
0.8128382149001109,1
0.6858018999162637,1
0.6760579802065161,1
0.4261862822260725,1
0.2528823260962254,1
0.7679673462278471,1
0.21419613881775346,1
0.07310202041632866,1
0.054051361862004293,1
0.024031229934308087,1
0.019883600645974202,1
0.36159936607885396,0
0.7918267988653847,0
0.8146048635250426,0
0.8220407659961577,0
0.8243463669051174,0
0.7717247294091961,0
0.23631850164403886,0
0.03182457556008033,0
0.4594249660895657,0
0.8020338886507149,0
0.6071472017297356,0
1.0117426802815466,0
0.8221577472155056,0
0.9748826867629017,0
0.999132706908796,0
0.9498999952949472,1
0.9599900999873292,1
0.7331488646831155,1
0.7733230045530919,1
0.30327578723973536,1
0.43867060729595814,1
0.7181414321176484,1
0.18475103859315883,1
0.3603780060223957,1
0.624469525311072,1
0.704928465410604,1
0.6353422335915808,1
0.5029813610680741,0
0.3830669975760833,0
0.4013375384363842,0
0.47668613226059925,0
0.7289634902170773,0
0.8277424112289105,0
0.7873893255630953,0
0.6496703825432939,0
0.06314763026049956,0
0.08112309217968951,0
0.03240097214105301,0
0.04173192575132466,0
0.08858840775351552,0
0.027770450394760306,0
0.0517102208554564,0
0.11934728367705133,1
0.1277365644359719,1
0.04596006291238475,1
0.24329136639674775,1
0.587209956791092,1
0.6503438093639143,1
0.31117374938815434,1
0.3993637465728384,1
0.44735077289200387,1
0.8346808521494175,0
0.7237498617501913,0
0.8136951046310847,0
0.7063261285496882,0
0.824711419406094,0
0.8588123331674986,0
0.9488012098593994,0
0.9954414342291823,0
0.9800210579509887,0
0.972512661848504,0
1.0003051289509945,0
0.9443208692067173,0
0.9768535494441356,0
0.9929653010694985,0
0.8528305468788863,0
0.8950417900331806,1
0.8963998077749148,1
0.8840902081245992,1
0.9019694831745756,1
0.8992348688034013,1
0.8987309984893145,1
0.9364233674013882,1
0.9017837792718877,1
0.6646495709175162,1
0.6338727744450433,1
0.8078909022832863,1
0.6093488417483306,1
0.7281003747479337,1
0.7550428562699574,1
0.8595451442753842,0
0.8240731855346913,0
0.8864936386856134,0
0.9225766514145216,0
0.7861177429243491,0
0.5622016468424829,0
-0.05422626379544465,0
0.20408601898404147,0
0.24050054456313122,0
0.7202444691835947,0
0.6341981807261879,0
0.925490230595721,0
0.9193832352371486,0
0.8221035158434918,0
0.8085004391883717,0
0.12549568254462365,1
0.12925251017755926,1
0.6209889414147663,1
0.5383457460250973,1
0.4931372884624428,1
0.364189707214794,1
0.8318950566090334,0
0.7352661242727164,0
0.807117284914406,0
0.8193285052492236,0
0.5937543275106815,0
0.0512523329479107,0
0.32789416571110547,0
0.930869739266639,0
0.9319363708203658,0
0.9685780217839353,0
0.9977439593892586,0
0.9954444368545702,0
1.0054016100956984,0
0.964058421697881,0
0.9234444115854353,0
0.7146483041901351,1
0.44066744884481046,1
0.7761868463973226,1
0.8938128802238023,1
1.0291058299078657,1
1.0151408313503136,1
0.9401715593436528,1
0.7007695280702869,1
0.6526672256627212,1
0.8880167092757721,1
0.8555518339305914,1
0.7363728929061923,1
0.7645315312445233,1
0.5529599622979883,1
0.464805096563198,1
0.6605842973327132,0
0.6478259444069836,0
0.6730553719747824,0
0.6793649239175562,0
0.4385657213735152,0
-0.04723377502823063,0
0.24931796768647987,0
0.2921447295023476,0
0.46896068256012324,0
0.46209588612785474,0
0.5068959942994574,0
0.5236711579023496,0
0.8014150754552084,0
0.5969795303665992,0
0.500796297895215,0
0.6373224942094299,1
1.0013653813218333,1
0.9188284683270858,1
1.00570841338745,1
0.7380887592348567,1
0.9914193239859389,1
0.6968669906703518,1
0.2260270619759976,1
0.32662025704034403,1
-0.29761432021863266,1
-0.2680827909753903,1
-0.23415557820184624,1
-0.1607802525047267,1
-0.1624866855683342,1
-0.21828108450311706,1
0.5787273953964557,0
0.4731134712469871,0
0.00017734504378258222,0
0.9240591602939559,0
0.8900540534937297,0
0.7881127608569575,0
0.9316853083734111,0
0.925890941893529,0
0.9627520821839286,0
1.017340665057139,0
1.0015026455421248,0
1.0164100036456902,0
1.020529536441994,0
0.9248175171937514,0
0.9176889439400746,0
0.9531895943662798,1
0.9903591417546996,1
1.0238657733184267,1
0.8502489015012242,1
0.6818701096228689,1
0.5528038250861965,1
0.5889720396945362,1
0.5773965649829386,1
0.4894191250519506,1
0.4804955771570993,1
0.5260280947583179,1
0.46691729917606867,1
0.6017117258800936,0
0.9919942376996953,0
0.9356722942091512,0
0.7087164036634539,0
0.8931061911134576,0
0.5174178133264018,0
0.7158128993669929,0
0.7627070099830889,0
0.8507929414006469,0
0.9054944033193583,0
0.9026481364464464,0
0.9069350634741504,0
0.800639277900139,0
0.31413575698463486,0
0.5037294343770827,0
0.7189084134798235,1
0.5042113540868904,1
-0.7655608400139284,1
-0.5620424375844145,1
-0.4743276374193942,1
-0.4365144043536405,1
-0.43960923190295353,1
-0.3403189421381848,1
-0.3742601297672117,1
-0.5356141628192755,1
-0.4475229174929544,1
-0.3962414253630281,1
-0.18591450848502974,1
-0.33429909683255676,1
-0.4208855808818093,1
-0.5149323846192919,0
-0.5724966216724525,0
-0.5559357497103727,0
-0.4709033758512836,0
-0.5564862315994455,0
-0.5477312872863652,0
-0.5433717879304505,0
-0.645832569723246,0
-0.6168032670044661,0
-0.6567071431247286,0
-0.5179230085135077,0
-0.5056563562530307,0
-0.5061564803865499,0
-0.5038193209287379,0
-0.43889473439076726,0
0.5955516973312879,1
0.4758415419999031,1
0.33395893810474414,1
-0.05534510202345376,1
-0.012276500183968232,1
-0.036359224576999624,1
0.0019132646873460213,1
-0.019155023547770097,1
-0.06936884308596722,1
-0.06417834925013453,1
-0.08893375736311498,1
-0.12745588957261564,1
-0.15331620364627485,1
-0.1720931942593961,1
-0.28347980676337203,1
0.4701655367077502,0
0.8319487879190719,0
0.9818127469237561,0
0.9235292333432675,0
0.9013895277452159,0
0.9653347348302278,0
0.9063473125373074,0
0.9407646884809471,0
0.9852875894083758,0
0.9339511637187705,0
0.3628522299369629,0
0.9067004086221234,0
0.5679627186876103,0
0.8478690816808323,0
0.9444728819775737,0
0.8630936485859272,1
0.6648059436901994,1
-0.01523925830544664,1
0.8347345497564825,1
-0.23202039740864375,1
-0.24486290735654584,1
-0.13171283470272124,1
0.12181717351438155,1
0.13407199599303854,1
0.033765025296934384,1
-0.47591587628640303,1
-0.028052146202349516,1
0.020602286300900993,1
-0.016646918947517134,1
-0.7645730750819125,0
-0.7051361380578696,0
-0.6672127360843703,0
-0.5773613894973383,0
-0.664546543550668,0
-0.644746099123509,0
-0.7497057810062994,0
-0.7270048565987526,0
-0.7282669076708153,0
-0.7839114527096022,0
-0.7816935290937159,0
-0.7526165880872114,0
-0.7736401439079431,0
-0.7880938993594406,0
-0.7934575378913655,0
-0.10451517478360331,1
-0.3134955008854343,1
-0.3859356929185281,1
-0.4079776779673253,1
-0.487593611863295,1
-0.344233772099304,1
-0.41944297469290703,1
-0.47098682470002695,1
-0.46519920795305525,1
-0.21912680562899542,1
-0.29846998008860764,1
-0.3193171463252069,1
-0.42627500471656493,1
-0.2535967899688628,1
-0.4173178286970272,1
0.680718490318429,0
0.37574494609422987,0
0.7416575280026773,0
0.24753450030992433,0
0.2555752402713395,0
0.09114056104362542,0
0.23605685913522365,0
0.7969581962653877,0
-0.05610800329632782,0
-0.01204358900236718,0
0.1920080284900114,0
0.28054591523370764,0
-0.12054157147108555,0
0.2129533221226292,0
0.7941017450550149,0
1.014274431902306,1
0.8109475138709262,1
0.7547308150289638,1
0.0879873036031201,1
0.00030353614781169206,1
0.10860564977433551,1
-0.12428458421452694,1
-0.08524307842820456,1
0.15193882035467168,1
0.2880077053883858,1
0.17884273547130375,1
0.10161390402816912,1
0.4977754912554525,1
0.45864007022517317,1
0.613861839874969,1
-0.6645465435506683,0
-0.6447460991235091,0
-0.7497057810062995,0
-0.7270048565987524,0
-0.7282669076708153,0
-0.7839114527096024,0
-0.7816935290937163,0
-0.7526165880872115,0
-0.7736401439079431,0
-0.7880938993594403,0
-0.7934575378913655,0
-0.7753440541823154,0
-0.7752758048275504,0
-0.7982131077180415,0
-0.7954128476389286,0
-0.4900698644025211,1
-0.24122802485061895,1
-0.20497278828811694,1
-0.4638990224105576,1
-0.38235071165929374,1
-0.4847592772793319,1
-0.23114280464929726,1
-0.4082059335430083,1
-0.4687507455094834,1
-0.38266196501241156,1
-0.2009590086361911,1
-0.3207058625344048,1
-0.3448746259385072,1
-0.364096750760266,1
-0.2713316776990139,1
-0.05918792055524343,0
-0.668308225544746,0
-0.7085970272897711,0
-0.552819214714263,0
-0.660845953087784,0
-0.6475318629297664,0
-0.16746411662196606,0
-0.12559905927131035,0
-0.1762225612772116,0
-0.26119926273618477,0
0.6540725629614906,0
0.41428260766547864,0
0.78756912696274,0
-0.3652436651114939,0
-0.4435595469340097,0
-0.15823721556895767,1
-0.24151992370161568,1
-0.4520222290188072,1
0.20107416921316615,1
8.362001433740221e-05,1
0.31489725968203697,1
0.0919982193357944,1
-0.11460039480968734,1
-0.2942956600006547,1
-0.11209166945312432,1
-0.2206944276997884,1
-0.12416825907681987,1
-0.2705920814304293,1
0.3780497903254813,1
-0.24692046605536683,1
-0.33861263354516996,0
-0.3906139085245564,0
-0.4142710094846091,0
-0.4460521470256892,0
-0.46171669110384955,0
-0.37352320658886207,0
-0.4209709294061577,0
-0.3943577634566628,0
-0.3427267546935973,0
-0.30752494920524,0
-0.30978699067549703,0
-0.28099382930378,0
-0.2961772366907251,0
-0.3028854127539211,0
-0.3244007200128672,0
-0.6434623299387334,1
-0.3177448747966321,1
-0.41060564995385795,1
-0.5093276497574233,1
-0.5926224812603258,1
-0.5177459302116663,1
-0.6437481160116314,1
-0.6473971289880754,1
-0.6194790336789722,1
-0.6018141601942676,1
-0.659956462320513,1
-0.6694211576065875,1
-0.6332359838529559,1
-0.6574557976141271,1
-0.6454585430159769,1
0.7916506425462093,0
0.8116281625072187,0
0.7715744542270808,0
0.7631373791186136,0
0.8249176146814763,0
0.4429489655800127,0
0.8249344658974244,0
0.8056225110580063,0
0.806188992412557,0
0.7939330338826351,0
0.5655025811627284,0
0.1606809352459624,0
0.26280263686985705,0
0.7565330611135277,0
0.4609567808167922,0
0.5741125084629256,1
-0.3627197482615723,1
-0.3224318366568629,1
-0.31487941290404264,1
0.10805343527564806,1
0.007892576081108275,1
0.30570781702055305,1
0.2118897991875185,1
0.4019388151604398,1
0.38959970194701143,1
0.32705913959276695,1
0.23428101008786723,1
0.27640123447417847,1
0.24218500517846503,1
0.2752993198971131,1
-0.2579388228158882,0
-0.298086222301919,0
-0.2853905178849076,0
-0.5081884540352711,0
-0.6867895633039786,0
-0.6111968635900645,0
-0.6951080752549325,0
-0.6667815192009284,0
-0.7325207798451143,0
-0.6764733832769579,0
-0.682505357131043,0
-0.707894532333418,0
-0.6846787583245123,0
-0.7298922908702148,0
-0.653513858546596,0
-0.5503283047755116,1
-0.4571794361182333,1
-0.448566097615274,1
-0.3368027028274376,1
-0.6264014707267105,1
-0.5574768942633421,1
-0.5925365336080715,1
-0.651816094029137,1
-0.7062645766714125,1
-0.6341466995363672,1
-0.6877497237578085,1
-0.6893005362800865,1
-0.6632732298410831,1
-0.6001114854443089,1
-0.6659773530870554,1
-0.6544581339260677,0
-0.6095050631791753,0
-0.5492633467293586,0
-0.6984696678207354,0
-0.55625228283495,0
-0.5705298454409725,0
-0.6283382907858756,0
-0.44002068319201587,0
-0.40318360840559697,0
-0.5267520955814302,0
-0.49011521169831496,0
-0.5110031623866973,0
-0.4086109309722009,0
-0.4429921665454885,0
-0.4483328149827183,0
-0.39753458695094607,1
-0.4265046338623751,1
-0.4390721622254283,1
-0.44801015535930494,1
-0.41378274484708283,1
-0.44137183908191674,1
-0.46148788556776293,1
-0.36921768253637965,1
-0.3575702626035046,1
-0.3379183042435108,1
-0.3529882646237783,1
-0.35943520309368326,1
-0.35340599166982806,1
-0.34595438154519526,1
-0.32921356431755205,1
-0.43310390484127875,0
-0.4163090452840941,0
-0.3654877197952469,0
-0.47948469325602805,0
-0.444562427056845,0
-0.40551376986767057,0
-0.45187325086960284,0
-0.49549310138142116,0
-0.5326897876768512,0
-0.39719200520964965,0
-0.33722235624497665,0
-0.3766170537002876,0
-0.39690084523925734,0
-0.45591843073770527,0
-0.40602598856003136,0
-0.6430561795302968,1
-0.6594101616767674,1
-0.650811882547478,1
-0.6073174044644268,1
-0.6214431650897361,1
-0.6144629619358181,1
-0.6248220782845557,1
-0.6184914706937129,1
-0.6083243279893282,1
-0.6534322726877445,1
-0.6624546709379339,1
-0.6394019112370632,1
-0.6582730037324344,1
-0.6456807030840038,1
-0.6571998249428027,1
-0.609959220606394,0
-0.6927335794173918,0
-0.6787264936608303,0
-0.6919686800242909,0
-0.6919825045955719,0
-0.6980836107780005,0
-0.6179256691238331,0
-0.624053072975532,0
-0.6388273167415168,0
-0.6157939426884157,0
-0.5205867557511911,0
-0.48951313352763587,0
-0.537600473884546,0
-0.5133224899781554,0
-0.5406315127319171,0
-0.1816563488105257,1
-0.29197162955935674,1
-0.31033225204440035,1
-0.33326078439286033,1
-0.3163839660449699,1
-0.3279893771985468,1
-0.320615860854034,1
-0.35887138718532274,1
-0.3740766207732664,1
-0.3865579239922691,1
-0.3662965201322682,1
-0.38688928315958127,1
-0.37754358713036695,1
-0.36660840548551216,1
-0.3308325983323121,1
-0.7162061290705168,0
-0.7270840049475713,0
-0.7224452284949143,0
-0.7193265537556983,0
-0.7275617311799829,0
-0.6741063385825915,0
-0.6626323132455689,0
-0.5843124402644061,0
-0.650380949000665,0
-0.5748554176346016,0
-0.6081909373978188,0
-0.5753380167561686,0
-0.5145188166578715,0
-0.4301403738941711,0
-0.4429831938441839,0
-0.06084274431205386,1
-0.4809847891018126,1
-0.48785573724974207,1
-0.7040653003901259,1
-0.6399290018036118,1
-0.6941900372522094,1
-0.6812588846005193,1
-0.6578379693777031,1
-0.6895907336575035,1
-0.6783638926800616,1
-0.6673472961728443,1
-0.6226676225373677,1
-0.6360204855829861,1
-0.6412962762056474,1
-0.6464964877514583,1
-0.5886606929206873,0
-0.539143998494357,0
-0.49414063268509506,0
-0.47642140878417527,0
-0.41609552635510966,0
-0.44192027587296767,0
-0.43449702008420643,0
-0.42959440223916634,0
-0.38451218080797916,0
-0.40765987075118376,0
-0.4458302125237378,0
-0.5230063840375394,0
-0.523845193900677,0
-0.554761340272774,0
-0.5608349373170177,0
-0.46810114118671725,1
-0.44707131248290394,1
-0.42972261947687,1
-0.43305689700500666,1
-0.442542417655323,1
-0.4283292501305616,1
-0.43457496917689087,1
-0.4236517648863677,1
-0.4144409572620695,1
-0.41213702920174866,1
-0.3960122876522207,1
-0.4008205371089888,1
-0.42604185559593066,1
-0.4691633306251152,1
-0.45514601931942233,1
-0.3778149938345812,0
-0.4157443637711765,0
-0.4407210463018715,0
-0.506689223459898,0
-0.4526789709708386,0
-0.4864291948242533,0
-0.4197076188082005,0
-0.3935697472065465,0
-0.42479179607569373,0
-0.49844645757639616,0
-0.5049829398330516,0
-0.4722861941023022,0
-0.40039214698578224,0
-0.3856281007824554,0
-0.420628289577499,0
-0.6715521628329512,1
-0.6653865749594112,1
-0.6639689260624106,1
-0.6600024482418346,1
-0.6583657678292495,1
-0.6358762194024415,1
-0.6655736983188971,1
-0.6448882607865101,1
-0.6289973055459257,1
-0.625257916554137,1
-0.5883359787825673,1
-0.5339520188408449,1
-0.5600454396156529,1
-0.6025456142417855,1
-0.4941788954042068,1
-0.6347759793773409,0
-0.6185771515238895,0
-0.5832629447331765,0
-0.5393474399254623,0
-0.5053615326730835,0
-0.5498665486139666,0
-0.47788981452386325,0
-0.48073433637007584,0
-0.4070993652716843,0
-0.4407726730555497,0
-0.4247346607212633,0
-0.4384982718209742,0
-0.4419246063136209,0
-0.4896848304517342,0
-0.5491567763519016,0
-0.43765546671257405,1
-0.4268549276657706,1
-0.42874602575912446,1
-0.43886982303186967,1
-0.4304460568570844,1
-0.41285966797919016,1
-0.4228195211043016,1
-0.4215207406924404,1
-0.4097249597114505,1
-0.4241390270029667,1
-0.462626193216425,1
-0.4646752071334313,1
-0.4460752205233392,1
-0.44645492186462904,1
-0.43895213943456834,1
-0.5142039653848449,0
-0.4599515749719224,0
-0.5287836432409809,0
-0.4981216042840019,0
-0.5116617711042694,0
-0.5127880810028498,0
-0.41632959877887493,0
-0.3713720841452802,0
-0.3752482757575063,0
-0.38492851714752013,0
-0.3799758929100861,0
-0.36247552390707544,0
-0.3958127564997635,0
-0.3740629834957915,0
-0.41458231351918823,0
-0.4795061263821197,1
-0.5773105132403239,1
-0.6638843529938706,1
-0.6895826269708559,1
-0.695242605970002,1
-0.6748544575936654,1
-0.6885674162238493,1
-0.6816980412997387,1
-0.6911435827001118,1
-0.6846690203836948,1
-0.6763768421947235,1
-0.6891366605391526,1
-0.694246121324736,1
-0.67452702917565,1
-0.6580287718261048,1
-0.5194736584302343,0
-0.6803558265997813,0
-0.6807438381862656,0
-0.6802851470546849,0
-0.675691413770378,0
-0.6850680331249774,0
-0.6624732183420926,0
-0.6699810371030237,0
-0.6232519593966677,0
-0.6733700639409174,0
-0.6543433002127493,0
-0.6561104174756834,0
-0.6800990342840378,0
-0.6690484922947202,0
-0.6472585555392533,0
-0.45938431431890675,1
-0.4561452935059751,1
-0.4431182032016376,1
-0.4254763159026604,1
-0.43335397104359596,1
-0.43590800257049095,1
-0.4314373578482717,1
-0.43175686095287213,1
-0.4439533681519534,1
-0.4166726030241041,1
-0.43005103530674,1
-0.4323778541526823,1
-0.4302237730803208,1
-0.43412190385835664,1
-0.42537338748706116,1
-0.35888324240705594,0
-0.43551820906123334,0
-0.4262648932910304,0
-0.4761424326527015,0
-0.47535048824445714,0
-0.47826470955783557,0
-0.3743419999676346,0
-0.37352746421522515,0
-0.36874991960925585,0
-0.3632724660271505,0
-0.38590975916514636,0
-0.4010691900258144,0
-0.49274073528154533,0
-0.5149195660791928,0
-0.5180001576239426,0
-0.5006234810471382,1
-0.5549168586829726,1
-0.5129680737712121,1
-0.50660417359775,1
-0.47430883061063556,1
-0.452191666800319,1
-0.4655268504124247,1
-0.43405835603565157,1
-0.4247188578940507,1
-0.4256651574197623,1
-0.47890257514089174,1
-0.4946494535261839,1
-0.5347140770677684,1
-0.5191296781405665,1
-0.4852986279121411,1
-0.4617925261320109,0
-0.4283418845446702,0
-0.5752815339908949,0
-0.5337549613590953,0
-0.3400416370173551,0
-0.49331595240073056,0
-0.5654769545171242,0
-0.43521430356909213,0
-0.539650667946969,0
-0.2636002987349642,0
-0.2769157263811575,0
-0.4592161235579778,0
-0.5259149590356302,0
-0.37030350505621634,0
-0.246852715572729,0
0.3840575036081971,1
0.22873154494865963,1
0.6990163902673932,1
0.17077099238203378,1
0.46090909316010126,1
0.41693521435317027,1
0.616071814562693,1
0.6339843646948389,1
0.6507165581908544,1
0.7109369958419918,1
-0.5993625130355824,0
-0.5751849812216513,0
-0.5195554423443195,0
-0.4682352105895157,0
-0.48519898639238374,0
-0.4735316880528726,0
-0.4560241838297708,0
-0.5041672816530915,0
-0.5619320799081028,0
-0.5480345365520345,0
-0.5180436361077948,0
-0.626544222499471,0
-0.5665636322844838,0
-0.5310890478032562,0
-0.5112994308618432,0
0.2608752922863502,1
0.25939152829193146,1
0.17869015245148132,1
-0.21059979257751188,1
-0.16049839855536946,1
-0.2787185526662631,1
-0.3915304748089298,1
-0.5319163687618431,1
-0.5570254483606406,1
-0.6039591217105944,1
-0.6573081565040453,1
-0.6604751913944218,1
-0.46271906560202464,0
-0.46977897104744554,0
-0.47607667784431873,0
-0.4096644909744919,0
-0.5437917667004045,0
-0.4826263568862826,0
-0.3631575369008933,0
-0.17590443186961166,0
-0.6370993707837772,0
-0.5985058077992181,0
-0.5458029643540468,0
-0.5616456791036991,0
-0.5861594198186554,0
-0.6042152914532462,0
-0.5495705366841819,0
-0.4363471457179958,1
-0.4723864858900109,1
-0.4716938028581382,1
-0.4470864942736697,1
-0.3943151359058268,1
-0.4515912180258548,1
-0.4380798326834728,1
-0.4713861203854321,1
-0.511617979190404,1
-0.5288985185148074,1
-0.5265605839175121,1
-0.533053733165701,1
-0.5086931010306976,1
-0.40897791353364354,1
-0.43119145158065264,1
-0.5612062215074148,0
-0.4915536892887122,0
-0.549136280416267,0
-0.49370585896617164,0
-0.4647419081598306,0
-0.4550771037663856,0
-0.49397849207543043,0
-0.5014708732587376,0
-0.46749902851791636,0
-0.46162681384390586,0
-0.4128636420547978,0
-0.43399982875740656,0
-0.4060652472397043,0
-0.46931376257809254,0
-0.5280585165723722,0
-0.33272367116215623,1
-0.4350676292805227,1
-0.4705256262298794,1
-0.2333568560528402,1
0.05598541255760083,1
0.16002611314097592,1
-0.052814414116927236,1
0.021882230696482236,1
-0.1941849847257562,1
-0.4515770380286383,1
-0.1909200620576958,1
0.14887966347734924,1
-0.10585974537043992,1
-0.2124321338132425,1
-0.5795251351250522,1
-0.5756696315037582,0
-0.5850444346762536,0
-0.6266960683803802,0
-0.5003193048895174,0
-0.4840039498665598,0
-0.5185272734509994,0
-0.47277810684853794,0
-0.5730041760997016,0
-0.5313081445093664,0
-0.41322536052337205,0
-0.5756779746631049,0
-0.6316954599156455,0
-0.6379125396359344,0
-0.6201875755043614,0
-0.62737702890929,0
-0.42362565709300615,1
-0.4312310484593984,1
-0.23535672442996527,1
-0.46469542310286754,1
-0.21752769413619807,1
-0.4358629192932434,1
-0.3514783205793888,1
-0.4260471416325183,1
-0.413815096249898,1
-0.3785557938286447,1
-0.4277743408962902,1
-0.47885062385295024,1
-0.49263170752701374,1
-0.41285246489513494,1
-0.4398030118161589,1
-0.3489368707244803,0
-0.3756239010331741,0
-0.29782735139711175,0
-0.34934458769718074,0
-0.41683997414552826,0
-0.4504587808620387,0
-0.44892951002290143,0
-0.5239916138820541,0
-0.5084530556606409,0
-0.5241245821567897,0
-0.5344450254080731,0
-0.4449429605337933,0
-0.4824738114269876,0
-0.5460333872375268,0
-0.5361986627927071,0
-0.651560733800882,1
-0.5536860842124139,1
-0.6352841290502093,1
-0.5704291903741633,1
-0.2823662233768884,1
-0.4763934776892733,1
-0.6216342012206431,1
-0.7395549025641212,1
-0.7955471112099822,1
-0.7302683006502214,1
-0.640462924276718,1
-0.6730696281069535,1
-0.7450310966933945,1
-0.6990149394164954,1
-0.6602850634917523,1
-0.14530432308462973,0
-0.42887757383164127,0
-0.36048698669004337,0
-0.27695582478098896,0
-0.31934967844698725,0
-0.04372822873841129,0
-0.34372690779544185,0
-0.036500314431760196,0
-0.165704290284634,0
-0.4460556600669843,0
-0.42377865961633904,0
-0.4440171485323314,0
-0.3339462004606674,0
-0.27004110112791124,0
-0.31584140601085003,0
-0.6131996434841569,1
-0.5723374009136699,1
-0.6287328388394867,1
-0.5151498815991521,1
-0.5455296628809593,1
-0.5319857734253731,1
-0.5370037415196482,1
-0.5253886448893393,1
-0.5484329207841936,1
-0.5405131159961273,1
-0.5474404105480198,1
-0.6046583797763387,1
-0.6125407459614765,1
-0.5840191301826487,1
-0.6218265786990218,1
-0.7541093184023829,0
-0.7504777984403416,0
-0.7457660432441916,0
-0.7467188755086243,0
-0.7539716711583385,0
-0.725067183092646,0
-0.6981684204640325,0
-0.7169759735502408,0
-0.7029721066718095,0
-0.7171300808039549,0
-0.7227535113932325,0
-0.7423911586702457,0
-0.7440979434783817,0
-0.7431684222315225,0
-0.7456417569237381,0
-0.09473373065591262,1
-0.18066147428675963,1
-0.050478603298342285,1
-0.1301292586442153,1
-0.33158747678477724,1
-0.17760356214609163,1
-0.2010913208159342,1
-0.15340106751521274,1
-0.22172094836959338,1
-0.22225955119255728,1
-0.3360931075885924,1
-0.28563524610291724,1
-0.133617993212092,1
-0.07082460987816187,1
0.07909733599665347,1
-0.4859778554104892,0
-0.5783069184526188,0
-0.5120724216057259,0
-0.6484745813472343,0
-0.6536890310648734,0
-0.6517084268639585,0
-0.650970253954678,0
-0.5064114251970254,0
-0.07148262606044452,0
0.10450341980870635,0
-0.11485801931246122,0
-0.17491003136723163,0
-0.29692867330129974,0
-0.12797240433195378,0
-0.17632893860670895,0
-0.04870953907138747,1
-0.27439680613706585,1
-0.34961699968562737,1
-0.2875790010770653,1
-0.3294744636941407,1
-0.4556277727545827,1
-0.42078818529014644,1
-0.38925903461295863,1
-0.182317689330846,1
-0.31683087182400693,1
-0.34926896051099354,1
-0.3742765220701352,1
-0.36315580035081363,1
-0.2994727479919006,1
-0.546454448409514,0
-0.493320144937303,0
-0.34681539711986475,0
-0.4619562608301201,0
-0.5856449082681688,0
-0.5962679600796436,0
-0.6971518498162981,0
-0.7167398887825274,0
-0.751133742688356,0
-0.757972630368974,0
-0.7293055371323989,0
-0.720660644833965,0
-0.719021834402728,0
-0.721513085381529,0
-0.7269732108553584,0
-0.4949736177429463,1
-0.35962741533964837,1
-0.37396710867570204,1
-0.22150212452622056,1
0.03855134452599357,1
0.1497535816523306,1
0.7693123329585569,1
0.23343527752534365,1
0.46064663542350204,1
-0.08586457640003765,1
-0.20216563990218156,1
-0.28588783954861247,1
-0.4654055074739058,1
-0.41488943339098044,1
-0.08688571813410352,0
-0.10861822080455509,0
-0.3657354948040882,0
-0.29581846537721795,0
-0.6476681813955761,0
-0.694841545160238,0
-0.6334813871728112,0
-0.6047895100792307,0
-0.6166068756238732,0
-0.5942207330156378,0
-0.6425259418020545,0
-0.6483395954519681,0
-0.6724970335350983,0
-0.6847626276414904,0
-0.6968862581342284,0
-0.21930287984258232,1
0.0013141230981293136,1
0.06715753709884273,1
0.37764989899028495,1
0.43337645416479753,1
0.579473595385694,1
0.5659481604542842,1
0.5278525018103035,1
0.28619678658332864,1
0.4891173861841731,1
0.5676437352090686,1
0.6148244015867064,1
0.34569976102040223,1
-0.5738649973066375,0
-0.5537632141391188,0
-0.6117552749319931,0
-0.768946322440646,0
-0.7458868064563705,0
-0.5270888698140734,0
-0.4590345386493451,0
-0.2776229721006223,0
-0.559388146845704,0
-0.7436107334074362,0
-0.7538170100538688,0
-0.6569128911572135,0
-0.7260347822159409,0
-0.7337031403996336,0
0.9564178650140119,1
0.9889324163747072,1
1.0069160372498025,1
0.8059905322529801,1
0.7425503367155906,1
0.7745393050540608,1
0.9387134213227318,1
0.8932645544318651,1
0.9431722527190269,1
0.7959997820729308,1
0.8828283340935995,1
0.9751801202848975,1
0.9836537227254035,1
0.9221927051360382,1
0.8143144675807437,1
0.027936237369797803,0
-0.5994225717348264,0
-0.5949887068221668,0
-0.7560971803787799,0
-0.7510903824021613,0
-0.7098868740870609,0
-0.7893866720284164,0
-0.7649940030933031,0
-0.765392346416217,0
-0.7284797451107166,0
-0.7072578557258766,0
-0.7120820983128725,0
-0.6918156706299408,0
-0.33196898068292124,1
-0.09774528073024173,1
0.14451740240390698,1
0.11181303392609264,1
0.010192324820835971,1
-0.05404968934410864,1
0.06033004714642144,1
-0.3233712892717891,1
-0.4243458165119686,1
-0.36804649857611177,1
-0.32721587559757837,1
-0.2030434486309794,1
-0.2777130323494065,1
-0.4115160235495347,1
-0.31315136336182114,1
-0.31591369102296446,0
-0.5260520879964058,0
-0.48739340914666485,0
-0.4741332821861454,0
-0.598506820495126,0
-0.5559212667870096,0
-0.6216678959923844,0
-0.5503384069400166,0
-0.6179313665309923,0
-0.6982726659629712,0
-0.6639841129983981,0
-0.727282073253335,0
-0.7928204381559498,0
-0.7799769148641209,0
-0.7195347093840984,0
0.9729028041597207,1
0.9281094212525013,1
1.0244908759750853,1
0.5279745995165651,1
0.01970817299261948,1
-0.4637896355091421,1
-0.3676652786287896,1
-0.4586413299513469,1
-0.683436879752142,1
-0.7462042232283959,1
-0.8235732914200133,1
-0.42796534085055793,0
-0.13032063377474784,0
0.7482032678438776,0
-0.15247804652335084,0
0.3752077176948078,0
-0.18964020474370571,0
-0.13873028026965806,0
0.7064094583892722,0
0.7980782010037484,0
0.8203822719920552,0
0.42317218786124083,0
0.8185190172248306,0
0.05652563507595114,0
0.37572593924788955,0
0.6046009889756043,0
0.9962366685229588,1
0.7605979004927934,1
0.7276763099343913,1
0.7513723861826512,1
0.7488107455825089,1
0.581159158230133,1
0.6569065058510108,1
0.9887181591327406,1
0.8920544092833004,1
0.9408561197357355,1
0.4367683484105469,0
0.7842478927814727,0
-0.1595399738173249,0
-0.4953898826776865,0
-0.6608652916216476,0
-0.5673218152752153,0
-0.5772490168322109,0
-0.7346939084120354,0
-0.6437665599745919,0
-0.7212013092621681,0
-0.7063076977961708,0
0.9751358010388373,1
0.19896237332752958,1
0.914737206943646,1
0.9198392244688542,1
0.8334750958292328,1
0.3907574083220119,1
0.8456455385840514,1
-0.1863713829778778,1
-0.12669284150997412,1
-0.14366314221702425,1
-0.2660351466932753,1
0.30023776372099537,1
0.29168716510386616,0
0.18832051199492247,0
0.6057134440419566,0
0.6210231907832849,0
-0.05355043740934268,0
-0.6374457420357124,0
-0.6924757772202058,0
-0.5299907702700238,0
-0.7075969345451606,0
-0.6222825595576678,0
-0.6089577207123958,0
-0.24453293709295834,0
-0.6825316526962107,0
-0.36569601439540783,0
0.8952770238201867,1
0.5996802251685038,1
0.3974756119014733,1
0.3810349419393325,1
0.32011516505006676,1
0.14851453125046832,1
0.11744781503121766,1
0.05758829674205691,1
0.040880127698441605,1
0.01912165598699657,1
0.017689771240735164,1
-0.002847840161989751,1
-0.010663014828670046,1
0.007461346808141703,1
-0.06517470542353218,1
-0.4145386562991621,0
-0.34781355896541766,0
-0.6344950514135808,0
-0.7709246349549117,0
-0.6271755933755329,0
-0.7057212113962008,0
-0.7392622919576187,0
-0.7431931246463007,0
-0.4274845319726261,0
-0.4648511767093592,0
-0.36191835527224037,0
-0.5667079770149315,0
-0.620720364163006,0
-0.5735464466531534,0
-0.5537040351528382,0
0.901881990076003,1
0.6183588923026316,1
0.7561251292781972,1
0.8017550680322609,1
1.0510500244293761,1
0.8967271024923541,1
0.657177315096375,1
0.9021956520791341,1
-0.3900582836457369,1
-0.20874029862752472,1
-0.3249926119402212,1
-0.27107793704808947,1
-0.5757976154214582,1
0.924865031753781,0
0.05207625466066866,0
-0.3323192959692758,0
-0.32360998097897414,0
0.2357929078480339,0
0.9356168854425209,0
1.0371707153715428,0
0.924821682945563,0
0.9429029874847147,0
0.8948902981283997,0
0.9406199634502234,0
0.9264091956285007,0
0.833806489945277,0
0.7827398176632315,0
0.6482720219860089,0
0.6610253259881714,1
0.5360042574199626,1
0.7630964526886541,1
0.47640135332239897,1
0.5537572819064831,1
0.18784945319564317,1
0.6333162776505448,1
0.8959942947196958,1
1.007398876020667,1
0.899893644220835,1
0.9832198865853412,1
0.8763500974946739,1
0.8694755153049424,1
0.7198948665875511,1
0.7182643466223764,1
-0.7503813992127667,0
-0.7744120372773124,0
-0.7079376522348095,0
-0.6065229475157599,0
-0.30948101397216654,0
-0.1538735608491514,0
-0.19950767960305812,0
-0.32528477889211393,0
-0.5316150749514853,0
-0.6460191517267915,0
-0.7805953666488453,0
-0.7903597057689752,0
-0.7845607062896628,0
-0.7859118859588523,0
-0.7878830424251592,0
0.9767898513582609,1
0.707077836143061,1
0.9309226255354313,1
0.9106155647300131,1
0.9421294567334091,1
0.946324670986171,1
1.0511442666669315,1
1.0526097950310207,1
1.0572742989888932,1
1.0019462823967287,1
0.7024365074771397,1
0.9074373273125143,1
0.8813559549494463,1
0.8870095335129983,1
1.0068428526450686,1
