0,1,class_numeric
20.262842,28.09693,0
20.039028,28.355558,0
20.889853,28.151209,0
21.551394,28.38169,0
21.488556,28.853722,0
21.135191,28.87931,0
21.17345,28.278816,0
20.975311,28.520634,0
21.013853,28.434296,0
21.321796,28.531797,0
20.996368,29.09036,0
21.4639,29.020174,0
20.688107,28.961487,0
21.08376,29.071548,0
20.36454,28.737043,0
-63.531425,9.361614,1
-63.387325,8.960812,1
-64.45014,7.9342394,1
-64.599594,7.2452545,1
-64.82095,7.86187,1
-65.03467,7.553168,1
-64.29331,7.6464834,1
-63.946117,8.049978,1
-64.11854,7.334339,1
-63.911427,7.383863,1
-64.078094,7.8597546,1
-63.67372,7.8039584,1
-63.575554,7.4615717,1
-63.654224,7.441844,1
-63.719757,7.3367653,1
-27.004587,24.875126,0
-18.58433,23.474373,0
-18.355639,23.354467,0
25.07639,6.4462557,0
27.225277,5.303488,0
25.808,6.156402,0
27.153564,5.363936,0
26.92211,5.301222,0
26.216625,5.832348,0
25.34035,6.201587,0
26.738804,5.5121717,0
26.723747,5.4690614,0
25.820671,6.1371083,0
25.54885,6.201618,0
25.932426,5.922603,0
-8.169805,6.9811254,1
-7.6761293,6.8253226,1
-7.69849,6.8387823,1
-7.6260552,6.7961497,1
-7.4793553,6.6715393,1
13.458244,-39.696156,1
13.038723,-40.616985,1
12.989333,-40.701355,1
12.964396,-41.38662,1
12.269531,-42.95079,1
12.172661,-42.322475,1
12.143591,-41.72073,1
11.930192,-40.530262,1
11.303598,-40.502483,1
11.225656,-40.157158,1
18.35526,29.724983,0
17.015173,29.891504,0
16.81733,30.128391,0
14.242991,30.32852,0
15.476722,30.174528,0
14.019107,30.544567,0
14.594677,30.447344,0
11.768684,30.735165,0
14.548504,30.323141,0
14.903781,30.151413,0
12.820086,30.429628,0
13.513332,30.27842,0
13.936884,30.231426,0
15.009094,30.113453,0
14.427469,30.133682,0
-60.462162,7.7621436,1
-62.458843,5.445244,1
-62.40913,6.3820195,1
-62.699257,5.3524756,1
-62.398087,6.419745,1
-62.776836,6.8717875,1
-61.602203,7.3750324,1
-60.785145,7.438738,1
-61.039276,7.446777,1
-61.219284,7.6682506,1
-61.048878,7.897921,1
-60.940414,7.6556296,1
-60.590687,8.267311,1
-60.460888,7.9733996,1
-59.650677,7.7735567,1
-4.447902,12.205709,0
-4.632838,12.184002,0
-4.5486174,12.182703,0
24.541527,5.266003,0
24.598429,5.221125,0
25.588614,4.8284597,0
27.534891,4.2910576,0
28.204708,3.3192704,0
28.211681,3.4017165,0
27.836613,3.6312103,0
27.487793,3.7665992,0
27.937822,3.496889,0
27.43164,3.8229256,0
27.477272,4.048405,0
27.809774,3.8810918,0
14.078835,-41.456837,1
13.712175,-40.689404,1
13.449872,-40.211403,1
13.564521,-40.57886,1
13.770995,-40.97921,1
13.449396,-41.873302,1
13.215622,-41.984814,1
12.993571,-42.599037,1
12.316682,-43.712166,1
12.448903,-43.579227,1
12.721593,-43.349182,1
12.996158,-43.389748,1
13.560018,-42.64915,1
13.18213,-43.738625,1
12.887911,-42.886066,1
10.968462,30.002163,0
12.685294,29.799925,0
14.164774,29.872524,0
11.820235,30.4049,0
9.926818,29.877586,0
7.9802117,29.136362,0
10.750074,29.573462,0
10.642913,29.814917,0
10.113454,29.44526,0
10.124967,29.426302,0
10.757676,29.430923,0
11.44743,29.450817,0
12.475348,29.376965,0
11.94465,29.42587,0
11.463775,29.489885,0
-57.735962,12.322537,1
-57.856678,12.421692,1
-57.914974,12.108602,1
-61.513058,10.463907,1
-62.06652,9.492495,1
-62.408413,8.805421,1
-62.463398,9.002651,1
-62.75547,8.107822,1
-64.04662,6.23468,1
-63.853336,5.9320884,1
-64.37252,6.3868337,1
-64.078285,6.361633,1
-63.958916,5.215843,1
-63.952343,5.214024,1
-64.035545,4.9616656,1
24.550346,6.665928,0
33.07581,1.4719104,0
35.050545,-2.6454363,0
36.33717,-5.450774,0
36.32869,-5.419899,0
35.934536,-5.044432,0
34.438896,-3.1353068,0
34.441578,-3.4558616,0
34.25778,-2.618715,0
35.201694,-4.4597836,0
34.547714,-3.6989214,0
35.05118,-4.255798,0
35.18519,-4.392256,0
33.802616,-2.2004063,0
33.626163,-1.906775,0
11.677487,-46.41446,1
11.616755,-46.16107,1
15.714606,-41.341255,1
15.921044,-41.184395,1
15.6472,-41.168274,1
16.194754,-41.157898,1
16.05537,-41.237255,1
15.806623,-41.64423,1
14.215335,-48.628628,1
14.061027,-48.22161,1
15.005181,-49.886513,1
15.070299,-49.946648,1
15.089165,-49.964912,1
15.23624,-50.125656,1
15.226973,-50.124542,1
18.030401,28.913248,0
17.816282,28.841688,0
17.698208,28.731203,0
17.879822,28.840506,0
18.612814,28.664856,0
19.000843,28.70165,0
20.239288,29.30404,0
19.529226,29.148827,0
19.527878,29.240503,0
19.463612,29.164495,0
17.50118,30.052107,0
17.28525,29.959612,0
17.351126,29.910679,0
17.168352,29.63383,0
17.102846,29.415977,0
-59.83129,11.657104,1
-60.30375,11.385733,1
-61.467262,10.502407,1
-61.765213,10.0973835,1
-61.890682,9.608559,1
-61.518112,9.068108,1
-61.359028,8.783844,1
-59.91126,8.6512,1
-57.084698,9.816181,1
-57.12902,9.925482,1
-57.25201,9.637611,1
-57.632404,9.253497,1
-58.373432,8.532601,1
-58.54563,8.462277,1
-58.76127,8.237494,1
35.140488,-2.5264323,0
36.115253,-4.689104,0
36.407444,-5.323068,0
35.793648,-4.4634523,0
35.141487,-3.7922955,0
35.178062,-3.7732942,0
34.865658,-3.1060677,0
33.52752,-1.891093,0
32.90921,-1.1963875,0
32.46213,-0.99916047,0
32.688946,-0.477012,0
33.039265,-0.5743503,0
31.584631,0.030532736,0
31.157825,0.26383916,0
31.591036,-0.41962993,0
12.904751,-42.90147,1
13.321615,-42.898438,1
13.438521,-42.04788,1
14.17876,-42.182236,1
13.210384,-44.048313,1
13.466669,-42.481438,1
12.906905,-46.9983,1
13.392328,-48.24097,1
13.051715,-47.608433,1
13.038116,-47.597927,1
12.912075,-47.80642,1
12.587113,-48.52928,1
12.8691435,-48.006306,1
12.275148,-48.64585,1
12.030848,-48.53112,1
7.093795,29.709166,0
7.632022,30.059,0
8.568866,30.271173,0
7.2762,30.019218,0
6.2393775,29.557032,0
-12.121524,27.512634,0
-12.120567,27.554672,0
-12.108376,27.688066,0
6.7338448,29.557167,0
7.638019,29.663368,0
7.5074935,29.746075,0
7.909333,29.850414,0
7.9904785,29.914492,0
7.661415,30.09685,0
6.6435432,29.578009,0
-18.13819,8.727732,1
-18.187729,8.684941,1
-18.473297,8.602853,1
-20.651234,7.5050015,1
-20.964975,7.4303565,1
-56.280617,13.894717,1
-56.160667,13.796935,1
-56.170036,13.423548,1
-56.27273,12.770614,1
-56.268276,12.924658,1
-56.418816,13.255605,1
-56.621998,12.317752,1
-56.77489,11.713781,1
-57.135857,9.988774,1
-57.412437,8.702621,1
26.442951,5.912282,0
23.102919,7.11608,0
23.315025,7.041956,0
23.71502,6.9117494,0
33.562088,-0.24551095,0
33.705063,-0.8761432,0
33.704784,-1.5498693,0
33.148865,0.94077724,0
33.206512,0.72701687,0
59.807842,-0.45951176,0
33.911354,-1.1764888,0
59.90182,-0.56036204,0
59.83096,-0.49824023,0
33.98028,-1.441784,0
33.024963,1.0841552,0
7.269301,-53.67644,1
7.2731214,-52.579403,1
7.175703,-52.7937,1
9.466259,-46.27699,1
9.483807,-46.21117,1
9.489173,-46.580963,1
9.543631,-46.449795,1
10.00274,-46.715603,1
11.174286,-48.24605,1
12.570051,-48.441124,1
13.278807,-49.327614,1
12.610143,-48.90166,1
10.933007,-48.329887,1
10.965043,-48.46327,1
10.859375,-48.647396,1
48.591774,-22.3243,0
50.721836,-24.617085,0
49.724964,-23.346542,0
49.609673,-23.106205,0
19.955446,55.031975,0
19.47736,55.12044,0
18.676504,55.151722,0
18.661606,55.186104,0
17.390234,54.923,0
17.037352,54.81908,0
13.882347,53.20315,0
13.909313,53.208202,0
13.709139,53.016262,0
13.627067,52.933613,0
13.78778,53.119324,0
-24.476898,-7.014081,1
-23.94287,-6.7781954,1
-24.651648,-7.0836987,1
-26.99482,-8.1392975,1
-26.786219,-7.9875636,1
-25.34643,-7.8815513,1
-26.484118,-7.8179326,1
-26.804264,-8.14551,1
-24.82336,-7.777304,1
-25.717045,-7.6763616,1
-25.378666,-8.228539,1
-22.318638,-9.751252,1
-19.91136,-10.741203,1
-15.05779,-13.552281,1
-22.42065,-10.062706,1
50.214046,-15.811211,0
48.326748,-13.337079,0
46.71437,-12.080462,0
48.860725,-13.954777,0
46.803032,-11.985678,0
46.90658,-12.159904,0
47.155155,-12.376552,0
47.438236,-12.6584425,0
50.874706,-18.377832,0
50.92197,-18.908579,0
50.57795,-16.077574,0
50.333916,-15.773114,0
46.77975,-12.258209,0
45.903713,-11.401777,0
47.975002,-13.207953,0
-13.930554,-44.403893,1
-16.483824,-34.86444,1
-16.382414,-34.631897,1
-17.678514,-47.5829,1
-16.410997,-34.669353,1
-17.274124,-48.325516,1
-16.689432,-48.74784,1
-16.95317,-48.727337,1
-16.696672,-48.61549,1
-16.920805,-48.70161,1
-17.56942,-48.660873,1
-17.389593,-48.823612,1
-17.717018,-48.585144,1
-17.804766,-48.94116,1
-17.627192,-48.69149,1
20.056677,55.012684,0
19.538975,55.202724,0
18.21414,55.799316,0
17.49418,55.865856,0
17.546133,56.020115,0
17.421501,55.893032,0
16.518505,55.678486,0
16.443811,55.660034,0
15.908538,55.604034,0
15.584645,55.460094,0
15.405197,55.369835,0
15.17101,55.477516,0
15.032136,55.328487,0
15.20017,55.354984,0
15.377406,55.256557,0
-40.244114,-9.018769,1
-40.652435,-9.508713,1
-40.791496,-10.375973,1
-41.251183,-10.340639,1
-41.582127,-10.3606825,1
-39.786892,-10.405407,1
-40.35054,-10.421849,1
-40.68685,-9.8328705,1
-40.000374,-9.361261,1
-41.34827,-10.09374,1
-41.288418,-10.305056,1
-41.14817,-10.23501,1
-41.283165,-10.0983,1
-39.92917,-9.439429,1
-40.198856,-9.069199,1
51.11306,-23.007977,0
51.057796,-23.501148,0
51.02471,-22.872791,0
50.925194,-21.629692,0
50.846226,-20.902365,0
50.752613,-21.240248,0
51.023964,-19.86178,0
50.871136,-21.473188,0
51.019657,-19.783611,0
51.458862,-19.542524,0
50.952385,-20.813347,0
50.897182,-20.87812,0
50.8215,-21.99262,0
50.83745,-22.771933,0
50.85671,-22.493914,0
32.99808,-34.668842,1
33.55301,-34.18713,1
33.618618,-34.14225,1
33.46171,-34.94193,1
33.54401,-34.44411,1
32.86579,-35.314243,1
33.085297,-35.393925,1
33.2401,-35.054073,1
33.268696,-35.45197,1
33.0027,-35.592125,1
33.21211,-34.634846,1
33.57577,-34.704636,1
33.480927,-34.762943,1
32.715443,-35.57912,1
33.15919,-35.51312,1
6.640025,49.310326,0
8.052168,50.26731,0
8.095482,49.833862,0
8.105754,50.28247,0
8.054452,50.34828,0
8.648205,50.24805,0
8.215215,49.96013,0
8.993969,50.74216,0
8.919316,50.86551,0
8.416018,50.58477,0
8.7080145,50.51615,0
6.8787866,48.9205,0
8.938214,50.149685,0
7.687602,49.81264,0
7.6615787,49.85353,0
-21.260555,-10.665711,1
-15.214058,-14.179653,1
-15.32562,-14.1380625,1
-21.12875,-10.715648,1
-14.832737,-13.804484,1
-12.650721,-14.3237,1
-12.819955,-14.143674,1
-11.974419,-13.9864435,1
-11.184324,-14.227557,1
-11.986308,-14.248875,1
-11.955717,-14.226984,1
-6.7519417,-14.076063,1
-6.462922,-14.216455,1
-6.96471,-14.093456,1
-7.079632,-13.966297,1
50.286217,-20.600943,0
49.83067,-16.831606,0
49.279972,-15.136352,0
47.977165,-14.204039,0
47.398487,-13.38348,0
47.967216,-14.0812645,0
46.113655,-12.278876,0
46.045437,-12.183675,0
45.949444,-12.133239,0
45.66731,-11.927101,0
44.830875,-11.423906,0
44.923016,-11.477592,0
44.55523,-11.276507,0
44.46018,-11.233499,0
44.36834,-11.172447,0
-17.962736,-30.817553,1
-17.938583,-30.831219,1
-17.703463,-30.875116,1
-17.71358,-30.92117,1
-17.048855,-31.407654,1
-17.967833,-32.228966,1
-17.18569,-32.15145,1
-17.577171,-32.165276,1
-17.015947,-31.870384,1
-18.078117,-32.542313,1
-17.894886,-32.27271,1
-17.74638,-32.30002,1
-16.982079,-31.703602,1
-17.999195,-32.780735,1
-18.519924,-32.42121,1
6.813864,51.270256,0
4.5657578,49.613354,0
4.9547567,49.6182,0
5.66189,50.066563,0
6.011089,50.077667,0
5.858696,49.899403,0
6.2650995,50.54926,0
6.1224804,50.588306,0
6.2887897,50.727512,0
6.586388,50.27592,0
7.071963,50.612907,0
6.5572453,50.124054,0
6.2800655,49.96087,0
5.7707143,49.63935,0
5.8793263,49.722477,0
-17.42592,-9.978179,1
-17.751713,-9.583283,1
-16.650618,-10.4934635,1
-15.762887,-11.328083,1
-15.956254,-10.899836,1
-16.298584,-10.993454,1
-15.537101,-11.265037,1
-13.786338,-11.922394,1
-12.595001,-12.938295,1
-11.710381,-13.26603,1
-11.196648,-13.417471,1
-12.488523,-13.163083,1
-5.652728,-14.074692,1
-5.7850847,-14.002098,1
-5.4564514,-13.898022,1
51.019886,-24.665138,0
51.20251,-24.45855,0
52.536324,-25.120394,0
50.47732,-21.871323,0
50.899437,-23.105341,0
50.597622,-18.737665,0
50.830017,-20.419239,0
50.980316,-19.502502,0
50.970596,-20.54788,0
48.21733,-13.345304,0
50.917706,-16.621748,0
50.201077,-15.132427,0
50.925858,-16.677813,0
50.645985,-15.7953205,0
48.438404,-13.69641,0
-20.090847,-16.446842,1
-19.992731,-16.08589,1
-15.277421,-4.057861,1
-14.473567,-2.2736158,1
-15.357262,-4.110139,1
-14.82242,-3.3018448,1
-12.988772,-2.6521122,1
-14.644117,-2.9305105,1
-15.24757,-4.134722,1
-15.401533,-4.4134893,1
-11.356927,-3.844077,1
-11.751831,-3.5826795,1
-14.507499,-2.3694372,1
-11.942761,-3.678304,1
-11.081384,-4.11211,1
18.845545,55.489067,0
16.474394,55.121098,0
15.444159,54.866783,0
13.974562,54.268993,0
12.959605,53.780186,0
11.220387,52.50942,0
10.853104,52.554943,0
10.81893,52.582848,0
9.692839,52.817513,0
9.22159,52.97815,0
9.539659,52.800217,0
8.766786,52.782475,0
8.668604,52.57555,0
8.897499,52.59589,0
9.252508,52.880554,0
-17.554834,-9.60654,1
-15.43602,-10.954979,1
-15.005015,-11.303396,1
-14.47356,-11.534426,1
-15.822032,-10.718839,1
-15.177853,-11.096583,1
-12.942547,-12.027388,1
-12.850851,-12.01283,1
-13.1586275,-11.846728,1
-13.111686,-11.781097,1
-11.860724,-12.417331,1
-11.295966,-12.58139,1
-11.417832,-12.553978,1
-11.544045,-12.534682,1
-9.1263895,-13.859851,1
5.4897904,-6.555725,0
6.2641664,-6.6651587,0
50.65505,-26.538609,0
51.149757,-26.53393,0
-2.1139832,-15.221774,0
51.564674,-24.911581,0
-2.1473563,-15.208081,0
51.676228,-24.697348,0
52.063923,-22.217218,0
49.878845,-20.902277,0
49.867607,-19.584621,0
47.05945,-14.292967,0
47.635296,-14.3404045,0
47.057003,-13.153739,0
47.596798,-13.377562,0
-16.623411,-33.162388,1
-16.197056,-33.01142,1
-17.088346,-33.029026,1
-20.541203,-15.895827,1
-15.85306,-33.07444,1
-16.461859,-33.499153,1
-15.943139,-32.923107,1
-16.037245,-33.49071,1
-20.326061,-16.390549,1
-15.853001,-33.21903,1
-15.683616,-33.33635,1
-15.582723,-33.484383,1
-15.251474,-4.031861,1
-20.187153,-16.039492,1
-15.518896,-4.655589,1
-4.671181,44.74832,0
-4.5502357,47.29279,0
-4.270024,48.73542,0
-4.2729917,48.401432,0
-4.2831993,48.018345,0
-4.248297,46.890022,0
-4.365525,47.08774,0
-4.226815,47.024944,0
-4.113149,47.190094,0
-4.347358,46.23518,0
-4.3332667,46.166782,0
-4.3517647,46.11455,0
-4.312405,46.34992,0
-4.212606,47.803215,0
-4.2671304,48.101006,0
-16.753601,6.1634736,1
-16.6959,6.545845,1
-17.422129,5.602374,1
-19.137016,4.68083,1
-18.872787,4.1150227,1
-18.712042,4.032029,1
-19.062986,3.7654607,1
-18.287405,4.346979,1
-17.892899,4.710127,1
-18.91926,3.9955344,1
-18.504103,4.213217,1
-17.469093,5.048253,1
-18.219309,4.2290435,1
-19.345284,3.8109372,1
-17.401402,5.044802,1
40.913845,-5.4500413,0
40.860466,-5.057706,0
40.99745,-4.659359,0
40.970512,-4.868327,0
40.734272,-6.0383453,0
40.730312,-6.1884127,0
40.75759,-5.281176,0
40.882957,-4.8497796,0
40.856407,-5.0179744,0
40.98541,-4.4162755,0
41.036114,-3.775226,0
41.252598,-1.8687547,0
41.25598,-1.1319747,0
39.70856,6.763558,0
40.73108,6.8615623,0
-5.9317904,-51.162735,1
-3.568334,-51.707607,1
-5.046721,-51.295967,1
2.2246192,-56.553795,1
-3.4769466,-51.76327,1
2.3246005,-56.621017,1
1.9195174,-56.42036,1
-3.5108342,-51.730324,1
-5.013264,-51.37473,1
-5.235921,-51.51566,1
-5.240413,-51.329517,1
-6.520956,-51.080803,1
-6.5477724,-51.000374,1
-6.5646477,-50.948067,1
-5.74801,-51.275074,1
30.739302,37.308872,0
31.263659,37.964645,0
30.819464,37.848797,0
31.381157,37.112698,0
31.601212,37.352074,0
31.3756,37.53215,0
30.995415,37.220036,0
31.646578,37.7618,0
30.61041,37.564106,0
30.999702,37.128445,0
30.636755,37.339417,0
31.338577,37.403805,0
30.853874,37.63389,0
31.448442,37.9478,0
30.941053,37.901478,0
-20.709774,5.3993487,1
-19.89498,5.464114,1
-19.664743,5.6151342,1
-19.807653,5.620155,1
-19.456247,5.8058686,1
-21.135977,5.3888035,1
-19.14886,6.1213207,1
-19.382257,5.8372726,1
-20.004646,5.545789,1
-18.757502,6.08259,1
-18.341234,6.3065677,1
-17.107368,6.9901495,1
-16.751846,7.3351064,1
-17.273064,6.712759,1
-18.287334,6.5534687,1
41.236717,-6.174343,0
41.335392,-5.40333,0
41.38257,-2.7223954,0
41.437027,-2.5020351,0
41.37403,-1.3282684,0
41.25855,-0.29135486,0
41.32866,-0.68691164,0
39.054127,6.9791927,0
38.948154,7.1685123,0
38.0604,8.1932125,0
38.283974,7.861255,0
38.025826,8.147541,0
36.766483,9.225373,0
36.644733,9.763901,0
36.416664,9.926333,0
-4.6568003,-57.570915,1
-4.7925744,-57.44469,1
-3.1852446,-56.831192,1
-0.7994358,-56.191135,1
-0.0712349,-56.219963,1
-1.314162,-55.929546,1
-0.9269756,-56.046116,1
-1.1334476,-55.69667,1
-0.686353,-56.06299,1
0.4072071,-56.318756,1
-0.061142296,-56.28002,1
-0.77741456,-55.799168,1
-1.24954,-55.43816,1
-3.2967997,-55.227924,1
-3.143196,-55.15498,1
-3.5602162,50.576145,0
-3.7159665,50.51042,0
-3.734926,50.073788,0
-3.7855055,50.137386,0
-3.7828364,49.97983,0
-3.3910735,50.79746,0
-3.5066366,50.841293,0
-3.8175497,50.437157,0
-3.7054517,48.263195,0
-4.277227,45.61389,0
-4.7674975,40.027184,0
-5.079084,38.95327,0
-4.6038146,41.02648,0
-5.397101,38.140297,0
-5.0057254,38.985218,0
7.0281773,-19.15283,1
7.0179424,-19.423628,1
8.361815,-19.886227,1
9.192717,-19.813026,1
9.617636,-20.209719,1
9.238866,-19.695822,1
8.815541,-20.000324,1
7.821133,-19.343199,1
9.036556,-19.891466,1
9.858283,-19.932455,1
8.498594,-19.81697,1
8.379208,-19.714336,1
7.58557,-19.617907,1
9.452564,-20.019865,1
9.951638,-20.125132,1
47.95133,-22.536446,0
51.231388,-25.864202,0
51.39151,-26.067448,0
51.555492,-25.305704,0
51.694443,-23.396336,0
49.924725,-19.764067,0
49.315693,-15.909842,0
46.54619,-10.5818,0
43.566982,-7.52721,0
37.0449,7.2997684,0
36.95643,7.670624,0
35.638012,9.896992,0
35.27702,10.6559725,0
35.116745,10.85709,0
35.114216,10.567286,0
32.823795,10.539892,1
34.776985,9.013446,1
0.013671797,-39.31988,1
0.3884229,-40.809063,1
-10.024241,-41.04525,1
-5.4820113,-54.292377,1
-6.5784893,-55.17718,1
-5.8588953,-55.9676,1
-6.725119,-55.541626,1
-6.1548285,-55.65386,1
-6.472991,-56.035686,1
-6.0339446,-56.431793,1
-6.0549536,-56.95063,1
-6.139967,-56.603336,1
-6.4240413,-56.410156,1
-4.592038,38.633858,0
-4.208992,41.969444,0
-4.2023253,42.017136,0
-4.088111,43.021214,0
-4.077179,42.93831,0
-4.132919,42.985012,0
-4.2740903,43.060402,0
-4.301753,42.67685,0
-4.0291524,43.15421,0
-3.999614,43.85901,0
-3.995105,43.885727,0
-3.6908493,42.64508,0
-3.7810757,42.43326,0
-4.5726895,38.685886,0
-5.253605,37.70582,0
6.0766277,-20.721094,1
6.565713,-20.6912,1
6.6771092,-20.768711,1
6.938905,-20.746433,1
6.982479,-20.85623,1
11.742575,-20.42095,1
11.408813,-20.708675,1
12.425114,-20.285042,1
12.760496,-20.053846,1
12.737241,-20.015814,1
12.691074,-20.059175,1
13.332774,-19.528599,1
14.276674,-19.076796,1
14.36716,-19.002783,1
14.427051,-18.997152,1
47.814987,-22.532885,0
51.094963,-26.333082,0
51.326424,-25.885672,0
51.279217,-23.773848,0
50.41084,-19.738388,0
49.001076,-12.977601,0
43.63125,-7.6669164,0
42.56092,3.3070903,0
42.617867,3.1554806,0
35.752098,9.114607,0
35.541233,9.196792,0
34.53133,10.898189,0
33.994656,11.558382,0
33.936443,11.663594,0
34.62285,11.019597,0
35.578842,9.478888,1
35.466125,9.640357,1
34.608456,9.311213,1
33.240475,10.289422,1
32.7819,10.756264,1
32.662685,10.8954935,1
-0.05050298,-39.184654,1
0.13144368,-40.7401,1
-1.3318322,-44.174423,1
-5.2725315,-54.156067,1
-5.5498886,-54.594543,1
-5.926469,-55.398922,1
-6.557214,-55.7736,1
-6.5974107,-56.543415,1
-5.9005814,-56.6004,1
-3.3969128,52.279945,0
-3.6101496,52.061455,0
-3.550429,52.059887,0
-2.9309678,52.605507,0
-2.8615983,52.59628,0
-2.4170232,53.164845,0
-1.7940986,53.707825,0
-2.0220585,53.585144,0
-2.1215274,53.52157,0
-2.751317,52.92092,0
-3.3309853,52.113285,0
-1.7306921,53.90512,0
-1.6259732,53.997982,0
-1.7051528,53.87644,0
-1.4862251,54.053257,0
-5.4122066,-4.311263,1
-5.706055,-3.8517988,1
-6.345857,-2.9835317,1
-6.5349298,-2.6492438,1
-16.298317,5.729751,1
-6.060691,-3.4206448,1
-6.0637693,-3.4433756,1
-6.0247827,-3.4423532,1
-6.499628,-2.7924697,1
-5.472673,-4.258836,1
-6.207409,-3.2001033,1
-5.9558067,-3.6198044,1
-5.1208987,-4.729954,1
-5.699143,-4.053248,1
-5.548053,-4.2446766,1
28.124743,10.203669,0
26.516098,9.981044,0
26.86554,9.974765,0
27.8557,10.122254,0
26.96406,9.989147,0
28.93593,10.482977,0
29.285845,10.591853,0
29.61051,10.648661,0
38.26954,12.150387,0
29.231113,10.547336,0
30.168581,10.694262,0
28.656322,10.242402,0
27.873661,9.8446,0
28.542141,9.884923,0
28.484297,9.885595,0
0.28704908,-39.70156,1
-0.007543477,-39.63489,1
-4.98374,-53.63295,1
-4.783228,-53.70175,1
0.29625976,-44.42582,1
-2.9249008,-56.780693,1
-2.9551678,-56.741215,1
-0.9297626,-57.18033,1
4.9214396,-57.713547,1
5.037474,-57.69717,1
4.8725786,-57.77735,1
4.3697276,-57.819256,1
5.1818376,-57.824844,1
5.439244,-57.931534,1
4.7421846,-57.872646,1
-17.986366,30.030416,0
-14.863826,32.738605,0
-18.4443,29.845158,0
-16.715473,31.047596,0
-15.449358,32.852383,0
-17.604942,30.807924,0
-23.015615,28.771091,0
-25.555805,28.670223,0
-25.348545,28.74247,0
-25.941662,28.565271,0
-20.489912,29.26071,0
-23.799923,28.695147,0
-21.58641,29.027655,0
-17.301815,30.412617,0
-14.129778,33.692734,0
-28.004969,-11.538497,1
-31.77433,-13.028783,1
-28.52363,-12.54348,1
-27.96792,-12.078596,1
-29.287022,-12.995414,1
-30.984379,-12.934124,1
-31.22535,-12.9560175,1
-38.675106,-16.406734,1
-39.747734,-17.522997,1
-39.536987,-17.2292,1
-42.020866,-17.658482,1
-41.02679,-17.820803,1
-30.098804,-11.664856,1
-28.775558,-10.421415,1
-25.191082,-10.620603,1
-25.792755,27.196817,0
-18.243145,16.891102,0
-25.715633,27.126802,0
-25.726751,27.09235,0
-28.20965,26.770657,0
-25.277676,27.08932,0
-24.719828,27.04738,0
-23.786919,26.885134,0
-25.338503,27.156727,0
-26.019852,27.145794,0
-27.143908,27.045156,0
-28.843428,26.90129,0
-29.67115,26.924648,0
-27.416235,27.019457,0
-29.618326,27.112965,0
-19.46868,-55.80438,1
-18.773746,-55.31836,1
-20.208147,-55.605247,1
-19.959452,-55.535103,1
-18.696947,-55.42398,1
-19.701035,-54.93192,1
-17.7652,-53.51536,1
-19.758621,-55.125084,1
-19.962189,-54.927082,1
-18.786863,-54.634335,1
-21.182245,-55.367245,1
-20.039314,-55.465027,1
-19.965847,-55.1635,1
-17.637505,-53.44369,1
-17.363031,-17.233448,1
17.628134,-18.868448,0
17.13615,-22.343014,0
-26.55996,28.433638,0
-24.588747,28.66471,0
-24.802937,28.60861,0
-22.851606,28.64801,0
-26.62363,28.42945,0
-28.73682,27.84879,0
-27.76965,28.067854,0
-23.748615,28.69457,0
-29.981413,27.680786,0
-30.263926,27.468075,0
-30.1867,27.455189,0
-30.699686,27.296402,0
-30.578402,27.146755,0
-27.344578,-10.040373,1
-28.218643,-10.539321,1
-27.616354,-10.114393,1
-29.469475,-10.878319,1
-31.941738,-12.9364195,1
-41.39162,-17.05251,1
-40.287086,-17.15238,1
-40.171352,-17.28515,1
-41.98085,-18.668205,1
-41.278156,-18.47777,1
-41.245136,-18.358934,1
-39.245365,-17.252993,1
-40.23042,-17.482143,1
-40.793198,-17.331226,1
-39.95516,-16.330463,1
-16.921825,34.3627,0
-26.349934,27.732904,0
-17.182928,34.257927,0
-23.34525,27.124197,0
-18.82292,33.765957,0
-21.181541,32.155735,0
-20.074951,33.004086,0
-20.608444,32.678474,0
-20.40969,32.788193,0
-19.750523,33.17404,0
-18.519539,34.12555,0
-20.751251,32.5298,0
-18.811533,33.80353,0
-18.81767,33.848915,0
-20.643194,32.609562,0
-17.342924,-17.318676,1
-17.379839,-17.259315,1
-18.833136,-55.726215,1
-19.57739,-56.572815,1
-19.968668,-56.24135,1
-18.295433,-56.703377,1
-18.009714,-56.776157,1
-17.312584,-57.11247,1
-17.066025,-57.257446,1
-17.213161,-57.11019,1
-17.22761,-56.50473,1
-17.511124,-57.724506,1
-17.957382,-56.77185,1
-17.145493,-56.58055,1
-16.878685,-18.380224,1
-16.341099,31.602137,0
-18.545181,29.722202,0
-15.203128,32.958984,0
-16.837393,31.700298,0
-18.164955,30.770107,0
-18.368778,30.47179,0
-18.706688,30.032524,0
-16.204866,32.46996,0
-18.405756,30.140194,0
-13.668197,35.26524,0
-15.209038,33.447487,0
-15.47057,33.027008,0
-14.535466,33.957115,0
-18.559963,30.19676,0
-21.3152,28.0405,0
-9.000343,-13.724265,1
-26.275286,-10.577883,1
-27.852873,-9.929216,1
-29.885695,-10.959845,1
-30.265377,-11.353637,1
-30.39919,-12.1173315,1
-39.485786,-16.324768,1
-39.89694,-16.419102,1
-40.506546,-17.646206,1
-41.447132,-18.328669,1
-42.43962,-19.18672,1
-41.49482,-18.66579,1
-41.707478,-18.693413,1
-41.863068,-17.863596,1
-39.497223,-15.66403,1
-23.8347,24.760792,0
-23.569368,24.707764,0
-24.989916,25.227446,0
-21.021997,24.255379,0
-20.963696,22.621387,0
-21.662054,24.407125,0
-23.90517,25.382263,0
-22.15436,24.881104,0
-22.683065,25.046562,0
-22.364758,24.806677,0
-22.194487,24.733078,0
-22.560085,24.991165,0
-25.017832,25.496487,0
-26.016565,25.675526,0
-27.60325,26.033371,0
-21.3699,22.145351,1
-11.607092,0.7332856,1
-11.729232,0.8615082,1
-17.09564,-53.103767,1
-16.063564,-55.697315,1
-16.132584,-54.9523,1
-14.042404,-56.69901,1
-14.624816,-56.32392,1
-15.353151,-56.091877,1
-11.935758,-56.496403,1
-11.980877,-56.475178,1
-8.702951,-56.174034,1
-8.487864,-55.868916,1
-8.419157,-55.596256,1
-8.427696,-55.68508,1
17.185919,-22.293919,0
17.858889,-20.624662,0
17.17127,-22.345377,0
17.85772,-20.623415,0
17.193096,-22.22658,0
17.884262,-19.346827,0
18.112558,-19.612026,0
17.968477,-19.740568,0
17.84356,-20.20035,0
17.82172,-19.728437,0
17.759924,-20.045706,0
17.761124,-20.659693,0
17.978254,-20.194786,0
17.94859,-20.238665,0
16.922192,-23.003544,0
-17.502325,-8.809603,1
-29.094954,-10.203125,1
-46.651283,-15.977149,1
-56.277534,-14.741915,1
-56.949665,-15.151576,1
-58.638176,-15.189997,1
-58.419395,-16.571575,1
-59.744865,-14.694203,1
-59.898697,-14.453641,1
-60.338493,-13.924926,1
-60.303097,-13.962827,1
-60.280087,-13.979722,1
-60.531136,-13.697876,1
-59.74518,-14.524474,1
-56.936153,-15.352952,1
-30.44939,26.52086,0
-29.722397,26.54721,0
-30.247602,26.520662,0
-27.469294,25.995516,0
-20.929941,22.613071,0
-26.874615,25.864944,0
-27.456423,26.022852,0
-21.817175,24.787888,0
-23.144663,25.18373,0
-26.374079,25.69829,0
-22.575258,25.101301,0
-28.105993,26.232914,0
-25.470396,25.84284,0
-21.381441,24.84025,0
-21.260023,24.933897,0
-16.550129,-53.85824,1
-17.03056,-53.38173,1
-16.714708,-55.279408,1
-16.974833,-53.51009,1
-11.5372305,-3.3480573,1
-16.409937,-54.93193,1
-15.679063,-55.882988,1
-14.369187,-57.278046,1
-15.505207,-56.17825,1
-14.449443,-56.674072,1
-13.677945,-56.84896,1
-14.622016,-56.648357,1
-14.706248,-56.830856,1
-14.472743,-56.660294,1
-16.375118,-54.697132,1
-19.254063,29.21906,0
-17.093275,30.14391,0
-15.517643,31.956308,0
-17.441507,30.234701,0
-15.472807,32.047516,0
-16.376015,31.449917,0
-16.883234,30.212202,0
-16.362825,31.12624,0
-16.248907,30.586962,0
-31.11297,27.375435,0
-22.395262,28.980663,0
-20.944975,28.58805,0
-15.313506,32.182354,0
-21.898224,28.848944,0
-19.133085,31.040337,0
-41.10913,-16.26449,1
-41.70885,-17.333733,1
-57.56946,-16.617346,1
-42.255863,-18.30795,1
-42.359177,-18.529308,1
-58.09076,-16.659742,1
-57.75843,-16.266808,1
-58.277653,-15.521915,1
-57.76064,-15.434746,1
-58.009365,-15.651652,1
-57.853184,-15.557613,1
-57.76569,-15.963559,1
-58.170204,-15.193543,1
-58.63239,-15.150681,1
-57.298893,-15.211827,1
-12.961033,35.679222,0
-12.631829,36.200222,0
-12.812282,35.919052,0
-12.320138,36.64028,0
-12.484355,36.41522,0
-12.706219,36.077236,0
-13.183805,34.979206,0
-16.151903,29.788218,0
-14.929935,31.72462,0
-17.39226,28.690712,0
-17.026285,28.949049,0
-17.942116,28.515226,0
-21.147379,27.50266,0
-17.094648,28.636778,0
-12.806503,33.756428,0
-25.58975,-11.578927,1
-27.177559,-12.234729,1
-28.040277,-12.657578,1
-30.095123,-14.351999,1
-29.229628,-14.1311865,1
-29.76322,-14.058752,1
-28.400305,-13.228915,1
-29.367945,-13.215271,1
-29.599089,-13.691062,1
-30.440773,-13.599644,1
-30.796743,-13.75919,1
-30.992895,-13.834567,1
-30.99594,-13.906362,1
-28.166132,-12.569189,1
-25.611525,-5.983224,1
25.630537,38.21257,0
25.75934,37.82739,0
25.953379,37.1566,0
31.249987,34.066982,0
34.58914,32.373653,0
34.962837,32.12846,0
34.232235,32.608025,0
33.79815,32.865932,0
34.67993,32.32193,0
34.671535,32.330177,0
34.366573,32.51588,0
34.318604,32.544582,0
33.886612,32.798088,0
33.911324,32.7797,0
31.028307,34.159798,0
-63.58802,-1.0564578,1
-62.98854,-1.389102,1
-65.036064,-6.7781653,1
-65.60365,-7.5580416,1
-64.77951,-7.223382,1
-65.01173,-8.150429,1
-64.58854,-7.9261065,1
-64.18199,-7.83426,1
-64.52271,-8.440468,1
-64.45864,-7.9151793,1
-63.9389,-7.5845103,1
-63.920006,-7.7992907,1
-64.017296,-8.250294,1
-64.288315,-8.478759,1
-64.19176,-8.331482,1
63.18146,-0.13340724,0
60.34044,2.1183615,0
60.180565,2.1263514,0
63.29814,-1.4775679,0
63.680862,-2.1768003,0
63.595177,-2.184136,0
63.568134,-2.1591585,0
62.893982,-1.4750091,0
63.24193,-1.7913405,0
63.271076,-1.7545514,0
62.973427,-1.5418193,0
63.756577,-2.2484486,0
64.13362,-2.4884846,0
63.322945,-1.9167792,0
63.491554,-2.0837946,0
-59.0557,-23.008703,1
-59.461018,-22.92839,1
-59.887287,-22.690054,1
-60.12017,-22.841227,1
-60.941216,-23.274443,1
-60.14315,-23.06357,1
-60.442074,-22.720596,1
-60.1167,-22.860155,1
-60.48804,-22.715414,1
-60.890568,-22.624277,1
-60.58343,-22.761679,1
-60.72572,-22.412212,1
-60.730244,-22.405369,1
-60.92058,-22.462996,1
-60.405323,-22.412941,1
7.728911,-2.2389305,0
8.249548,-2.700743,0
18.080711,-8.478265,0
-4.9126873,34.256348,0
9.2571125,6.4036994,0
6.735931,44.859367,0
22.467657,36.042812,0
23.24058,36.12436,0
23.884342,36.350246,0
26.007885,36.47872,0
26.25234,36.63692,0
27.474527,35.892178,0
30.012344,34.686775,0
33.063717,33.285072,0
33.214535,33.199955,0
-64.03326,-0.31075317,1
-63.96065,-0.68660504,1
-63.860046,-0.86451805,1
-63.792213,-0.98096204,1
-62.897377,-1.4029222,1
-60.037754,-4.160779,1
-59.724705,-4.064536,1
-60.70418,-4.982254,1
-65.07648,-7.5026774,1
-64.86654,-8.40809,1
-65.354805,-8.05722,1
-64.63101,-7.4564104,1
-64.84023,-7.4997997,1
-65.239235,-8.142668,1
-65.34162,-8.5676775,1
48.701244,-9.581959,0
57.948174,1.4698049,0
58.561012,2.0637271,0
49.701622,18.04922,0
45.27383,18.38137,0
44.184414,18.264254,0
44.119183,18.369387,0
45.644154,20.056805,0
47.78693,21.971119,0
49.99701,23.226843,0
49.47251,22.941425,0
49.408573,22.975903,0
49.003082,22.819391,0
47.756386,22.344227,0
47.294746,21.215338,0
-20.852757,-2.821788,1
-21.163769,-3.1362007,1
-21.421503,-3.1251607,1
-20.913715,-3.5448253,1
-22.695412,-4.054946,1
-29.119486,-32.560535,1
-29.638767,-32.92646,1
-29.06169,-32.742813,1
-29.850372,-33.104324,1
-29.68275,-32.97441,1
-29.50825,-33.589508,1
-29.868858,-34.133057,1
-30.02475,-33.30748,1
-30.303974,-33.29819,1
-30.107265,-33.23698,1
25.42143,39.52494,0
25.61513,38.513622,0
25.6989,38.39439,0
25.741497,38.188206,0
25.69232,37.24729,0
25.631378,36.063416,0
25.421537,35.302727,0
25.878582,35.269756,0
27.937954,35.555424,0
29.115883,35.544044,0
29.122004,35.558163,0
29.515799,35.457794,0
29.864538,35.393467,0
33.365788,33.15558,0
32.2806,33.8275,0
-57.52076,4.0200977,1
-57.50508,4.083267,1
-57.782124,4.1216464,1
-57.996243,3.8536396,1
-57.971493,3.8487706,1
-57.894493,-2.6901808,1
-54.27359,-3.5851908,1
-54.487343,-3.8318968,1
-55.845375,-4.096947,1
-59.36637,-4.820532,1
-59.91049,-5.4965425,1
-59.705246,-5.197148,1
-60.320217,-5.477403,1
-60.14179,-5.409105,1
-60.15354,-5.6221113,1
42.696335,17.134382,0
43.381573,17.444365,0
45.330975,21.816147,0
46.783302,21.750946,0
47.32238,22.094385,0
46.321266,21.525831,0
45.50773,21.111835,0
45.459824,20.879211,0
45.515438,21.147465,0
45.113407,20.869757,0
45.1442,21.000507,0
45.5153,20.952402,0
45.91407,21.018215,0
46.34232,20.748583,0
45.18331,20.15261,0
-17.795467,-27.32009,1
-12.157135,0.975481,1
-12.660131,0.7139393,1
-10.656072,-5.9372973,1
-10.783728,-6.4531856,1
-21.03756,-3.3462532,1
-21.611757,-3.562695,1
-28.050797,-32.95639,1
-22.11718,-3.897888,1
-28.379177,-32.84407,1
-28.730272,-33.279716,1
-29.30911,-34.10886,1
-28.963575,-33.66054,1
-29.298767,-34.317364,1
-29.075527,-33.81968,1
22.79865,34.553127,0
22.772783,34.391125,0
24.231945,34.32664,0
13.829387,33.131847,0
23.878235,33.709606,0
25.973682,34.24503,0
25.720718,34.06043,0
25.697916,33.925262,0
25.866936,34.179276,0
24.04428,33.737183,0
13.811045,33.30303,0
14.064636,33.66677,0
-13.978436,33.10863,0
23.359297,33.355976,0
24.770086,33.8108,0
-58.114285,3.8075802,1
-58.137703,4.5683246,1
-56.5794,9.008796,1
-51.86657,-3.330668,1
-51.97112,-3.4814913,1
-52.30884,-3.7237866,1
-52.584343,-3.7888937,1
-53.510292,-3.7968917,1
-54.256683,-4.115965,1
-54.94989,-4.576868,1
-55.34478,-4.790166,1
-55.071274,-4.6359296,1
-55.14343,-4.8570447,1
-55.173214,-5.226255,1
-54.691063,-5.1826935,1
60.064655,2.0725026,0
48.790005,22.502884,0
48.294117,21.866013,0
49.127228,22.312653,0
49.949432,22.89571,0
50.060307,22.976772,0
49.634357,22.73638,0
48.28078,21.483187,0
47.994694,21.585016,0
48.248005,21.66497,0
48.036182,21.331583,0
47.708927,21.095577,0
46.125805,20.453962,0
43.3871,17.131147,0
38.462196,12.466596,0
-10.442458,-8.531802,1
-10.809437,-6.8767633,1
-21.129591,-5.7040415,1
-21.198145,-5.7430277,1
-28.25472,-33.15091,1
-29.61921,-34.766376,1
-29.866837,-35.05564,1
-30.199438,-35.37149,1
-30.197626,-35.39155,1
-30.34971,-35.644886,1
-30.497702,-35.649254,1
-30.649551,-35.59957,1
-30.578201,-34.87198,1
-31.111519,-35.51337,1
-31.201496,-35.236465,1
22.712877,35.48327,0
22.833675,35.199753,0
8.102258,30.999365,0
14.185289,31.654234,0
25.049381,34.146294,0
27.283867,34.586853,0
28.580244,34.67034,0
29.34768,34.62953,0
28.672983,34.531315,0
26.505001,34.329144,0
27.651337,34.624905,0
28.789803,34.871494,0
28.740622,35.223778,0
26.668032,34.67543,0
25.11887,34.81556,0
-58.782093,2.267836,1
-58.742546,2.608438,1
-58.961357,2.9665556,1
-57.84591,-3.4745574,1
-55.291748,-3.8855467,1
-55.98748,-3.8894722,1
-58.605873,-4.1617975,1
-59.245,-5.5701857,1
-60.246624,-6.038239,1
-60.97673,-6.811637,1
-61.124813,-6.8833466,1
-61.326973,-7.099795,1
-61.34405,-7.133559,1
-61.654793,-7.3189077,1
-61.756847,-7.4157314,1
46.52447,17.825247,0
45.943493,17.748589,0
44.444786,16.881563,0
44.281593,16.792692,0
46.624752,18.412407,0
47.278683,18.799706,0
47.36472,18.607815,0
47.45714,18.64259,0
47.71271,19.026417,0
48.13598,19.359968,0
47.963463,19.008694,0
47.519848,18.622328,0
47.808624,18.964539,0
47.645645,18.743086,0
46.634243,18.600086,0
40.53577,13.348405,1
39.869793,13.221193,1
-17.69652,-28.136896,1
-17.736399,-27.788671,1
-12.474524,0.5723311,1
-10.917609,-6.984903,1
-10.814068,-8.032611,1
-10.824815,-7.949028,1
-10.845673,-7.7935467,1
-10.990253,-7.2969255,1
-20.776766,-4.06356,1
-22.546864,-3.8066103,1
-22.072388,-3.2712634,1
-22.78913,-3.971941,1
-1.6232973,30.421562,0
2.8342426,37.0637,0
1.9083594,36.535122,0
2.1134293,36.67357,0
1.9823289,36.34285,0
-1.4081569,31.782349,0
-1.3701037,32.16986,0
1.5688057,36.01434,0
1.7313368,36.310455,0
3.2222066,37.34809,0
2.7062407,36.73732,0
1.7356123,36.251877,0
-0.7029303,31.654898,0
3.6650047,36.40005,0
-1.4582525,30.405752,0
-53.158035,12.028501,1
-49.84715,11.597691,1
-53.287144,12.119825,1
-50.101105,11.361373,1
-44.578598,10.620578,1
-46.536156,11.269539,1
-45.52064,11.188805,1
-45.422806,11.105029,1
-45.248318,11.053896,1
-45.52295,11.278775,1
-45.48562,11.107716,1
-45.64278,10.910192,1
-46.896862,11.194358,1
-47.039265,9.685577,1
-39.443516,-4.411712,1
5.497612,-19.657837,0
50.16084,-14.32524,0
41.30924,8.078622,0
30.200005,15.228793,0
29.843513,14.980704,0
29.75211,14.677606,0
28.762064,13.431673,0
28.721752,13.431004,0
28.782755,13.560547,0
-0.79427516,20.206871,0
-1.8165537,19.866802,0
-1.6750786,19.967255,0
-1.5977345,19.96949,0
-4.572796,19.063057,0
-4.703241,19.136866,0
-2.9768896,19.900661,1
-13.408821,6.401974,1
-1.5952982,-19.053207,1
1.3811716,-21.643953,1
3.244269,-22.64579,1
3.2645104,-23.746878,1
3.0836222,-23.329144,1
3.9722896,-23.40596,1
-0.29726914,-21.028608,1
1.7437091,-22.918144,1
0.20847772,-21.20965,1
-1.6885375,-19.583866,1
2.1106246,-23.130875,1
0.8978397,-21.837023,1
-4.8598666,-6.881804,1
4.246653,36.95437,0
5.1883707,37.792885,0
9.132922,40.472458,0
10.222864,40.888004,0
8.14616,41.084827,0
7.8044415,40.791267,0
4.30703,38.60255,0
4.3755903,38.653416,0
2.606137,37.005116,0
7.9915757,40.73609,0
7.592087,40.476906,0
8.3940935,40.349148,0
7.7843156,39.160732,0
8.073012,39.05102,0
7.9071307,38.846672,0
-45.9623,10.266802,1
-48.083466,10.87977,1
-49.123386,11.484934,1
-54.853836,13.678429,1
-55.364063,13.633067,1
-54.734108,13.019684,1
-50.979504,11.6222725,1
-50.93938,11.532053,1
-49.86751,11.529912,1
-47.76516,11.786741,1
-48.160103,12.176841,1
-48.986866,11.788082,1
-51.206383,11.996846,1
-48.81087,12.441478,1
-48.083065,11.91244,1
29.076242,14.453783,0
28.903889,14.255292,0
-2.7635036,19.15225,0
-1.2402912,20.054855,0
-5.645241,18.259598,0
-7.219452,17.305513,0
-8.283261,16.75986,0
-8.530252,16.481441,0
-8.4083185,16.452955,0
-8.173983,16.509104,0
-9.039083,15.768398,0
-9.27108,15.84203,0
-9.1968,15.67809,0
-8.877172,15.932395,0
-8.346841,16.517931,0
-3.1475635,19.530117,1
-1.6743349,20.874588,1
-13.840602,4.9328074,1
-13.544435,6.3235617,1
-7.519156,-2.0922704,1
0.05764852,-20.7158,1
3.1991577,-22.330027,1
4.0801477,-22.976515,1
2.5421147,-22.932714,1
1.943533,-22.297491,1
-1.7484732,-19.10821,1
-0.23495728,-20.449692,1
0.06518439,-21.629915,1
-7.905849,-0.3064174,1
-7.918948,-0.28749064,1
2.120446,30.502018,0
6.604575,37.49052,0
8.3195305,-8.952338,0
8.395495,-8.952039,0
8.323644,-8.950154,0
9.104778,39.552517,0
8.689235,39.33287,0
8.518483,39.272427,0
8.309987,-8.948511,0
8.214162,-8.956204,0
8.253781,-8.953315,0
9.339389,40.13129,0
21.536499,62.806755,0
10.56834,40.91307,0
10.48144,40.883873,0
-56.932625,13.251382,1
-49.46867,11.905105,1
-51.819298,13.025062,1
-51.624,13.231992,1
-52.176235,13.587038,1
-51.586174,13.3182535,1
-55.09695,15.03388,1
-49.92657,12.446312,1
-47.959785,11.222741,1
-49.900593,10.843924,1
-49.06491,-7.437444,1
-45.602955,10.791943,1
-46.09958,11.047352,1
-46.59653,11.705203,1
-46.566586,11.625704,1
28.66692,13.778339,0
-1.4409933,20.268263,0
-3.2616343,19.029804,0
-7.2985125,16.376335,0
-8.887352,11.856442,0
-8.913367,10.593653,0
-8.912658,10.642242,0
-8.909402,10.915312,0
-8.881018,11.193845,0
-8.850441,12.981218,0
13.630807,-21.43532,0
-8.903383,10.449971,0
10.364442,-12.40344,0
7.48969,-22.015335,0
-8.847955,13.746108,0
-14.109404,4.218875,1
10.396414,-12.4362,1
10.393724,-12.429387,1
10.363763,-12.359252,1
-5.068883,-6.3884883,1
-5.035306,-6.566455,1
-4.910199,-6.7661,1
-0.67021734,-20.346989,1
2.92003,-23.259586,1
1.4868653,-22.325012,1
2.2569811,-22.899824,1
-0.46017003,-20.784561,1
2.9844003,-22.53416,1
2.7371092,-22.433558,1
2.6190073,-22.027323,1
4.972743,36.202076,0
4.680399,35.97748,0
0.71353245,30.72776,0
-9.718503,24.984627,0
-9.509655,24.998499,0
-2.4785428,29.205566,0
-10.8955,25.215462,0
0.38822392,31.341206,0
-0.14282243,30.783485,0
-10.780351,25.201181,0
-10.880613,25.209265,0
-1.2859851,29.861246,0
-10.033859,25.037962,0
-10.73641,25.171762,0
-1.9857972,29.443579,0
-21.468508,7.935683,1
-20.031624,8.093776,1
-20.0916,8.103521,1
-19.929688,8.1328,1
-18.965607,8.354142,1
-20.53359,8.053397,1
-21.631104,7.926633,1
-54.790733,14.861988,1
-54.044178,14.453813,1
-52.73363,14.074909,1
-49.924107,13.746309,1
-50.57571,13.88716,1
-51.998177,14.026842,1
-50.11388,13.8000965,1
-50.32348,14.025163,1
29.05737,14.791518,0
-0.24410377,19.653858,0
-1.8363447,19.383371,0
-4.3828683,18.263885,0
-18.230705,16.878841,0
-7.926514,15.549133,0
-8.055123,15.352789,0
-8.204489,15.3255205,0
-8.627761,15.18798,0
-8.604857,14.467532,0
-8.639042,14.083854,0
-8.704538,13.6617,0
-8.695995,13.773348,0
-8.698218,13.735532,0
-8.484173,14.604402,0
-8.046575,-2.291091,1
-4.1757393,-6.7179255,1
3.883363,-22.068607,1
10.139443,-22.131773,1
10.177774,-22.17455,1
10.132834,-22.436487,1
3.7786467,-22.774162,1
2.2167518,-22.214344,1
1.7245975,-22.410095,1
1.0478438,-21.506674,1
-0.7944522,-19.647747,1
-0.8135558,-19.617157,1
-0.8253101,-19.698597,1
-5.2371626,-6.121168,1
-0.40675482,-19.776804,1
8.530422,38.568188,0
8.501,38.592724,0
5.4294276,36.626144,0
4.5099897,35.806427,0
5.093647,36.369587,0
5.154281,36.421738,0
3.8057005,35.17242,0
-1.0772849,29.635406,0
-0.033546917,30.221369,0
1.2600192,30.747868,0
4.157626,35.496197,0
0.40453655,30.754187,0
-0.8985041,29.818129,0
-0.93705666,29.78002,0
-0.99768883,29.771254,0
-53.621063,13.177125,1
-50.86015,12.774064,1
-52.873066,14.012538,1
-53.952854,14.133093,1
-54.555367,13.527201,1
-54.322857,13.492336,1
-51.070553,10.298292,1
-50.749294,10.080489,1
-49.86465,9.652901,1
-49.48284,9.90368,1
-49.137917,9.6441,1
-49.740524,10.369183,1
-49.206856,10.272072,1
-49.927917,10.371275,1
-50.521225,10.643484,1
29.77215,14.3632145,0
29.150791,13.897022,0
-0.91759455,19.989012,0
-1.3991892,19.587288,0
-3.5090456,18.606153,0
-3.9323058,18.29982,0
-5.7287755,17.113081,0
-4.8368373,17.710857,0
-5.5181723,17.085573,0
-5.1922836,17.427729,0
-5.414794,17.205507,0
-7.2794547,15.5542145,0
-5.1028657,17.496773,0
-5.5300484,17.25328,0
-4.8890467,17.873192,0
-13.113859,6.2657647,1
-13.582645,5.218182,1
0.24903953,-19.333876,1
0.029310586,-20.071997,1
4.617309,-22.665707,1
9.391468,-22.559212,1
10.297763,-22.307423,1
10.111648,-22.531797,1
4.5316257,-23.278242,1
3.6362667,-22.740103,1
9.845576,-22.611366,1
9.446742,-22.656937,1
-1.3340089,-21.194622,1
-0.4777339,-21.923864,1
2.7129424,-21.819107,1
3.7390442,-1.4388676,0
9.367178,-4.07794,0
7.3332167,11.237843,0
18.509977,-10.673577,0
17.162691,-12.214801,0
16.586449,-13.34528,0
16.597605,-12.539129,0
5.0217257,6.230746,0
6.060533,5.7993894,0
7.6054206,5.759657,0
16.11231,-19.221489,0
6.562757,7.679237,0
16.611197,-19.07654,0
5.588519,6.9595594,0
1.2916869,10.33768,0
1.1865664,14.696225,1
2.7808912,6.913361,1
-26.570896,4.2981477,1
-28.648176,2.6500628,1
-30.194231,3.654198,1
-30.23789,3.3655148,1
-31.239271,2.5595808,1
-31.463955,2.4302793,1
-31.471981,2.3468518,1
-32.56608,2.1562834,1
-32.665993,2.1276093,1
-32.832535,1.9363394,1
-32.337555,1.2398409,1
6.201805,-2.6704612,0
7.50196,-3.77723,0
12.80906,-2.1421738,0
18.474487,-11.131912,0
3.442393,14.641926,0
2.6892185,14.949435,0
0.6512092,13.340548,0
-0.18617247,12.618556,0
-1.137268,7.4553804,0
-1.5051712,8.011662,0
1.6798447,4.7157407,0
0.7094768,5.7192125,0
-0.7939305,7.5982113,0
0.9759223,5.7181373,0
0.72684366,5.83054,0
-0.7188984,6.9998364,1
0.91088396,5.3420615,1
1.5890723,-18.025122,1
8.615272,-18.404655,1
9.04991,-17.840729,1
13.352553,-18.905525,1
14.094288,-18.314745,1
13.161436,-18.295847,1
10.936965,-17.337002,1
8.14839,-16.455416,1
-5.891034,-16.056162,1
8.350976,-16.307144,1
10.53661,-16.909695,1
10.893186,-17.111485,1
3.8423908,-1.5488485,0
7.5914273,-3.8716,0
8.041537,-4.2968884,0
12.884479,-2.118516,0
19.522152,-8.319279,0
17.97887,-11.540743,0
16.636011,-13.364154,0
17.951143,-17.295872,0
16.15142,-14.090057,0
4.6875324,6.383747,0
4.919764,6.0768023,0
4.002928,7.6031537,0
0.57938516,10.597993,0
1.2758998,14.07481,0
1.245037,14.572197,0
1.0062382,14.082374,1
-26.825125,5.284963,1
-26.793798,4.6142006,1
-28.70536,2.424362,1
-39.040573,0.24996427,1
-26.124699,5.0393887,1
-29.444546,0.49539435,1
-32.18638,2.1329205,1
-32.418457,2.1117039,1
-34.607624,0.805563,1
-39.740345,-3.3165798,1
6.226649,12.163535,0
7.9316,-3.584055,0
7.5390873,-3.2920725,0
7.500373,-3.1375623,0
7.4215927,-3.0389807,0
7.1586785,-2.7705066,0
13.560548,-2.2306452,0
18.73088,-8.206602,0
7.6665077,11.042314,0
8.249793,7.755676,0
9.588919,4.156319,0
1.1409498,8.140082,0
8.2289715,5.015993,0
3.1274137,4.939436,0
0.2264547,8.651076,0
2.9991002,4.7072797,1
-1.2835612,9.1895485,1
1.410721,15.704109,1
1.1786985,15.698736,1
-24.311754,-17.160393,1
-24.288061,-17.053905,1
-25.493929,0.789238,1
-27.322662,0.5698871,1
-26.897942,0.62982756,1
-19.608387,-15.689869,1
-10.9580555,-16.505718,1
-11.082289,-16.608126,1
5.549029,-6.004809,0
5.574999,-6.09165,0
5.5896454,-5.9686074,0
5.6156507,-5.8036547,0
5.860937,-4.7981806,0
6.5384645,-3.3771164,0
8.242848,-4.331004,0
9.608441,-3.3970428,0
18.531948,-8.305693,0
18.191526,-8.218556,0
19.175478,-8.478198,0
18.298094,-9.354344,0
18.305866,-9.844769,0
17.649399,-9.536937,0
18.012012,-9.774513,0
17.05467,-10.029728,1
16.860027,-10.154209,1
17.180231,-9.82525,1
16.502909,-10.5388,1
4.6583543,-15.493565,1
4.5367265,-15.524513,1
14.701545,-15.440479,1
12.691928,-17.27402,1
7.666258,-15.670464,1
3.904888,13.0528145,0
3.3651485,14.556292,0
2.9557614,14.564607,0
2.6051571,15.109101,0
1.9330429,14.319765,0
-0.61186284,12.038431,0
-1.3187696,8.10235,0
0.19403213,6.781984,0
-0.48189348,7.845149,0
2.361762,4.8538246,0
1.5054358,5.843725,0
-0.9426612,9.848436,0
-0.7915741,8.751341,0
1.864396,5.2977686,0
0.038206674,13.067186,0
-1.5644258,11.038054,1
-2.6528218,9.784192,1
-2.145496,10.960446,1
-2.946384,9.982172,1
-3.3291905,9.882494,1
-10.980402,4.9045253,1
-10.999747,4.6736217,1
0.31564477,-18.202705,1
8.212155,-17.755829,1
8.034989,-16.976593,1
-7.0584564,-16.343443,1
-6.32939,-15.767579,1
-6.886423,-16.058596,1
-7.1426973,-16.322342,1
3.0771642,-0.86721486,0
3.1304977,-0.8310069,0
3.5128276,-1.25643,0
6.1591506,-2.4991171,0
8.244783,-4.1233625,0
6.6747565,11.699234,0
19.539825,-8.596008,0
17.637217,-11.7561655,0
16.43268,-10.648307,0
7.50129,6.231416,0
7.613787,6.0120683,0
5.6660376,7.470034,0
5.540971,7.389843,0
1.2553227,12.917842,0
1.239605,13.70088,0
-39.952717,3.4883811,1
-39.952568,3.4882345,1
-26.983725,5.216311,1
-28.086359,3.7967415,1
-29.088865,3.6488338,1
-30.12919,2.6573637,1
7.0214105,-3.357578,0
7.7275558,-4.679207,0
6.7343693,-4.097924,0
7.6672573,-3.5735369,0
9.655349,-3.7845113,0
19.517492,-8.093263,0
17.39094,-12.152867,0
-0.8095734,10.16114,0
-1.7230155,9.751551,0
2.6113448,4.60537,0
1.985388,5.0642967,0
-0.078585565,7.2541428,0
1.4265833,5.8996053,0
-1.1541145,8.868982,0
-2.2767975,9.422628,0
1.6693861,15.761314,1
1.9051102,16.569538,1
1.1029421,15.770678,1
-10.535668,3.0129888,1
-9.341878,-2.1157725,1
-12.542038,-4.4757333,1
-10.330949,-11.95424,1
-5.697032,-15.930995,1
7.3017077,-16.465775,1
-10.195225,-10.567713,1
-10.145462,-10.724106,1
-7.3877087,-16.4935,1
-15.26978,-2.9251049,1
-25.983397,0.6736308,1
-26.184488,0.66089743,1
5.8879495,-5.1352634,0
6.795959,-4.4196935,0
8.432228,-5.639415,0
8.89743,-4.9863586,0
13.456538,-1.714886,0
20.42399,-8.503704,0
18.515938,-16.40265,0
18.26687,-16.7178,0
16.13485,-15.46469,0
15.939263,-14.22908,0
15.824591,-14.185177,0
15.452638,-13.816007,0
7.7867475,5.267282,0
8.93006,4.3591585,0
9.392579,4.039248,0
8.660118,4.5201135,1
4.006375,7.0524073,1
0.3671803,10.651474,1
2.7994406,6.7938857,1
4.2077274,-15.357218,1
2.9416006,6.913188,1
-26.7423,4.2904706,1
-30.628801,2.8723395,1
-30.371862,2.8642218,1
-50.740475,-43.675697,1
-50.71556,-43.621796,1
-33.79339,2.540938,1
-33.543,2.4286382,1
-33.60087,2.4508815,1
-33.768364,2.5349188,1
8.7482,-5.962618,0
9.434715,-5.590917,0
19.870714,-8.372014,0
6.0594635,8.291011,0
2.8812318,13.430788,0
2.717991,14.859136,0
-1.0435677,10.265367,0
-2.4679332,9.31251,0
-1.1984112,9.249132,0
0.9524948,6.6245494,0
-0.24704963,8.449231,0
1.8040819,5.4851737,0
2.1320534,5.519102,0
-1.9812593,9.702281,0
-0.3735821,12.44884,0
-2.137685,9.079989,1
-1.7299608,7.1586056,1
-9.29185,-2.0595443,1
0.88590044,-18.299726,1
8.616805,-18.338154,1
11.809026,-18.102333,1
9.418329,-17.539053,1
8.299741,-16.667137,1
9.599202,-16.54801,1
11.095496,-17.085321,1
7.1566377,-15.811616,1
9.344398,-16.385963,1
10.157536,4.618712,0
-9.065353,29.645674,0
-7.784802,29.05045,0
-0.8810746,34.56085,0
-2.0230277,32.83592,0
-0.12403651,36.22335,0
-0.86147666,34.625725,0
-0.9188501,34.30605,0
-6.8717422,30.47059,0
-6.997218,30.630194,0
-6.9056306,30.852774,0
-7.122976,30.222874,0
-1.613046,33.67981,0
0.05174378,36.54494,0
-0.16910674,35.831364,0
0.38595235,35.279263,1
0.6065766,35.4996,1
8.955777,45.356216,1
-44.44796,0.15399283,1
-44.463108,0.40257096,1
-43.708385,-1.1157393,1
-43.69456,-1.663611,1
-43.46941,-1.5810732,1
-43.490463,-3.794161,1
-48.42014,-9.245653,1
-48.40207,-9.431604,1
-48.557384,-9.834002,1
-42.944122,-5.1936755,1
-48.59298,-10.165444,1
-48.62261,-9.886296,1
1.7234367,-51.31512,0
1.539035,-52.067078,0
1.1847632,-51.83499,0
1.2781973,-51.52389,0
3.3915648,-51.65928,0
0.85372025,-52.52222,0
0.8125897,-52.424374,0
2.376335,-53.019287,0
2.183874,-52.803123,0
4.970723,-55.147533,0
0.6412618,-52.745026,0
0.6201586,-52.714092,0
0.58270353,-51.779995,0
0.9425665,-50.717136,0
0.7411479,-49.5698,0
-6.220481,5.269383,1
-6.186964,5.2227063,1
16.964825,-44.685368,1
18.623299,-46.24973,1
17.27864,-45.728405,1
17.346231,-45.792835,1
17.249498,-45.68269,1
17.294268,-45.850143,1
17.373337,-45.9235,1
17.6605,-46.16348,1
17.994936,-46.227524,1
17.586632,-46.636387,1
17.34607,-46.30238,1
17.651031,-47.143745,1
17.647766,-47.22015,1
10.325553,4.370356,0
8.868898,5.7117147,0
-9.242585,30.141932,0
-8.307964,30.760475,0
-7.4105616,29.730576,0
-8.552677,30.131668,0
-7.5245767,29.327742,0
-7.848475,29.533417,0
-9.350726,30.178534,0
-8.056384,29.992504,0
-6.7885733,34.0335,0
-7.783083,30.130781,0
-6.7796087,33.88947,0
-8.086829,31.271566,0
-8.633372,30.81086,0
-8.105757,27.743858,1
-0.74063873,33.524452,1
-41.12551,0.78512645,1
-25.212664,5.3139005,1
-42.448082,-0.6924475,1
-42.2365,-1.4830533,1
-41.414356,-1.2604588,1
-39.586647,-1.3266244,1
-39.17271,-2.067698,1
-39.95575,-1.8017886,1
-48.061512,-9.038227,1
-39.923336,-3.9303238,1
-39.118668,-3.535175,1
-39.77077,-2.7334852,1
43.3737,8.807767,0
41.787033,9.8463955,0
41.383255,10.37316,0
40.09549,10.834552,0
41.41072,10.371241,0
40.834652,10.494495,0
43.606018,9.238418,0
42.226974,9.375457,0
41.872578,8.855589,0
44.19065,7.941925,0
43.37333,8.010282,0
42.411854,8.377197,0
46.668163,7.623081,0
45.54626,7.723301,0
43.519245,8.024258,0
1.5268425,-44.72656,1
1.2151971,-46.023975,1
0.97553146,-47.029766,1
1.0482433,-47.919773,1
-0.11092073,-49.421104,1
0.9666846,-48.13769,1
0.7557199,-49.182423,1
0.60478854,-49.859562,1
3.3034172,-48.969944,1
2.6708293,-46.247227,1
2.0786123,-47.73761,1
2.5666628,-47.223175,1
2.427426,-48.692867,1
1.8468767,-47.29423,1
0.90480214,-49.35653,1
4.68667,13.036268,0
9.077436,-9.008737,0
9.47235,8.716272,0
12.594443,12.300561,0
12.677236,11.872216,0
12.989117,12.443815,0
12.727712,12.1781,0
9.223282,8.119273,0
13.463542,13.267362,0
13.39187,13.177438,0
12.655696,12.426071,0
12.452461,12.047326,0
13.505069,13.280431,0
12.619956,11.728599,0
8.797352,5.579511,0
-10.335539,31.008575,1
-25.886528,4.1950517,1
-25.976402,4.3410707,1
-40.131306,-0.325028,1
-40.068027,-1.0993326,1
-39.29726,-1.0463457,1
-40.866188,-1.027804,1
-40.44842,-1.1059878,1
-38.968647,-1.1513437,1
-38.160294,-1.4308064,1
-38.395515,-2.1830597,1
-39.03783,-2.5164738,1
-30.469856,-1.8490846,1
-30.477985,-1.0122082,1
-30.139677,-2.0967274,1
41.41072,10.371241,0
40.8345,10.494523,0
43.606052,9.238381,0
42.22703,9.375596,0
41.872578,8.855589,0
44.1915,7.942717,0
43.3731,8.009918,0
42.41202,8.377245,0
46.668236,7.623079,0
45.5463,7.7233458,0
43.519287,8.024394,0
43.74611,8.634849,0
43.06016,8.641776,0
44.417175,8.005034,0
45.018436,7.4680123,0
2.417004,-44.729893,1
1.7077358,-44.957714,1
1.3848195,-45.436756,1
0.8001368,-47.749813,1
1.2703531,-48.14058,1
-0.10665624,-49.17387,1
1.5222529,-46.288815,1
0.7656083,-48.956303,1
0.50566864,-49.74485,1
3.0012841,-47.98179,1
2.456136,-46.402924,1
2.5465033,-47.44222,1
3.4693727,-47.005005,1
3.2038221,-47.319542,1
2.5101104,-46.63192,1
5.550748,43.253212,0
8.385171,42.899765,0
8.474924,42.88515,0
7.542883,43.308403,0
8.120279,43.31225,0
8.154425,43.449547,0
5.334364,44.00297,0
5.2152233,44.087116,0
5.3086267,44.007347,0
5.453518,44.01747,0
-0.34419104,35.442772,0
0.06035106,36.217648,0
-0.9829503,34.076466,0
5.9792433,43.801373,0
6.317249,43.902916,0
-43.404137,0.6524217,1
-42.54903,-0.46247685,1
-43.48064,-1.4668763,1
-39.461735,-0.5849132,1
-40.249916,-1.4937415,1
-38.45143,-0.942959,1
-39.42432,-1.5046736,1
-40.88453,-2.0833554,1
-42.661194,-3.534909,1
-40.96214,-2.640446,1
-42.18083,-4.139881,1
-41.138016,-3.896127,1
-42.596718,-4.1699557,1
-31.46063,-1.8351647,1
-42.37482,-3.6167212,1
55.641922,-12.478603,0
55.47639,-11.394675,0
55.368412,-10.813732,0
55.36704,-10.5278425,0
55.34422,-10.339237,0
55.133358,-11.651895,0
55.454765,-10.922386,0
55.36562,-11.318926,0
55.49082,-12.317152,0
55.59878,-12.96198,0
55.51004,-12.835227,0
55.73498,-13.21223,0
55.586903,-12.987088,0
55.378624,-12.91335,0
55.21916,-12.493294,0
4.9257593,-50.6484,1
2.52485,-45.63691,1
2.0016105,-48.676174,1
1.2080451,-52.417683,1
4.686239,-53.314365,1
0.91988754,-50.989777,1
6.076052,-55.6348,1
6.451875,-55.26597,1
6.718053,-54.653095,1
5.63364,-53.37332,1
6.355076,-54.323402,1
6.927877,-54.44882,1
5.8534055,-53.79929,1
6.8121543,-54.145725,1
6.271093,-55.00025,1
6.223501,-2.8964903,0
6.5689645,-2.7484915,0
1.68473,-0.58354896,0
1.658361,-0.5745025,0
1.8170294,-0.6328983,0
4.8355517,13.663104,0
1.7969368,-0.634171,0
1.7395409,-0.6074077,0
8.761463,7.3997254,0
8.798063,7.50882,0
10.079099,4.31929,0
12.922293,11.793155,0
12.832272,11.352339,0
9.526014,8.881691,0
12.110441,11.340793,0
-37.2022,-0.94872886,1
-43.001034,-2.7542827,1
-42.789337,-3.6158593,1
-42.999863,-4.8188214,1
-38.380787,-3.154696,1
-38.667812,-3.6137018,1
-31.361242,-1.3644408,1
-31.677284,-1.3795468,1
-32.933716,-3.6277323,1
-30.90154,-1.2214922,1
-31.75398,-1.9532773,1
-29.463772,0.4413926,1
-31.05846,-0.85366356,1
-30.777737,-0.44374034,1
-31.41375,-1.2821891,1
54.345203,-15.092761,0
54.386288,-15.034342,0
57.367706,-2.8782322,0
56.26893,3.5462713,0
52.047256,5.303394,0
53.395477,4.638078,0
51.89349,5.648673,0
52.61442,5.018064,0
50.54341,5.749365,0
51.319214,5.474825,0
51.70164,5.405049,0
50.928234,5.611413,0
51.786293,5.417554,0
51.065712,5.647651,0
52.468822,5.0689716,0
4.859917,-52.625607,1
1.6992012,-50.023064,1
0.7948632,-47.42633,1
1.0145823,-46.424908,1
5.1330786,-53.72884,1
4.5317245,-52.34746,1
4.83791,-52.833862,1
5.0748444,-54.905327,1
5.829763,-55.503857,1
5.878931,-55.784184,1
5.467414,-54.693577,1
5.6722946,-55.231297,1
5.553809,-54.91046,1
4.0247154,-52.60473,1
4.584647,-53.36815,1
21.030712,64.43968,0
21.843147,64.434006,0
22.791348,64.2261,0
20.410559,64.340935,0
22.765188,64.36892,0
22.53529,64.36979,0
21.54867,64.4025,0
24.829075,64.16059,0
25.193378,64.20235,0
23.173897,64.323845,0
23.837116,64.36409,0
23.540997,64.414505,0
25.339796,64.44803,0
24.881582,64.35998,0
24.614758,64.07115,0
-49.445213,-45.88369,1
-49.407993,-44.347626,1
-49.403423,-43.261658,1
-49.381126,-43.072952,1
-49.406994,-43.237606,1
-49.389767,-43.06688,1
-49.376137,-42.93578,1
-49.318024,-46.193947,1
-49.295597,-46.2629,1
-49.18579,-46.778366,1
-49.282494,-46.521168,1
-49.30314,-46.504517,1
-49.240864,-46.605675,1
-49.172394,-46.70648,1
-49.15767,-46.866375,1
62.459675,6.7192316,0
63.04091,6.8782415,0
63.634724,6.1889663,0
61.419872,6.101407,0
62.076767,6.5249624,0
62.818554,6.404882,0
62.00938,6.5305905,0
61.165405,6.4148183,0
60.382675,6.432133,0
62.94386,6.1810017,0
63.677845,5.963055,0
63.136127,6.060106,0
62.844246,6.4900208,0
61.835167,6.4622474,0
62.711002,6.4184484,0
29.32997,-42.137886,1
29.458555,-41.74615,1
29.28782,-41.868908,1
28.968964,-42.40793,1
28.919046,-41.85852,1
28.774513,-41.558563,1
28.79098,-41.837326,1
28.909235,-41.088017,1
28.75364,-41.210503,1
29.503656,-41.28892,1
29.60015,-40.976032,1
29.295929,-40.975914,1
29.728403,-40.95666,1
29.396173,-41.13787,1
29.37019,-41.893265,1
14.375954,66.29325,0
15.802298,66.13479,0
15.431041,66.17779,0
16.027643,66.15144,0
15.918028,65.98579,0
16.119148,66.0018,0
14.575243,66.318985,0
14.5819,66.33,0
14.831446,66.29568,0
14.369386,66.30263,0
13.4829645,66.33518,0
13.2961,66.33698,0
13.459964,66.28215,0
13.3060055,66.29939,0
13.460522,66.31336,0
-46.383514,-26.346521,1
-46.980614,-26.729906,1
-46.928375,-26.824793,1
-46.574486,-27.09998,1
-46.641884,-26.897165,1
-47.269077,-27.077183,1
-46.67306,-26.96759,1
-46.519497,-27.292093,1
-46.668262,-27.471092,1
-46.819305,-27.619652,1
-47.109688,-27.384695,1
-46.79763,-27.597826,1
-47.12068,-27.568203,1
-47.169197,-27.397026,1
-47.145786,-27.012623,1
47.72586,5.7842937,0
47.624664,5.78483,0
47.60124,5.7983465,0
47.64895,5.8057704,0
47.538116,5.7676263,0
56.886467,6.606728,0
57.419617,6.494093,0
58.84432,6.5907245,0
57.736115,6.4508085,0
58.971718,6.3454566,0
58.55834,6.449573,0
59.045666,6.518068,0
61.027252,7.259043,0
63.459705,7.5326633,0
63.353947,7.5312805,0
-32.58737,-15.454239,1
29.10153,-43.705486,1
29.072094,-43.46463,1
32.1003,-40.986767,1
30.409286,-42.32022,1
31.27603,-41.23545,1
31.1474,-41.158848,1
30.595007,-41.574284,1
31.11644,-41.150597,1
30.866592,-41.444515,1
30.65243,-41.42256,1
29.927011,-42.561604,1
30.196707,-42.26014,1
30.251919,-41.929977,1
30.340635,-42.198627,1
22.064846,66.313614,0
23.376032,66.875946,0
24.461185,66.56122,0
25.086908,66.62652,0
26.365486,66.52058,0
25.678911,66.037094,0
25.777836,65.96723,0
25.669174,65.82009,0
26.489681,65.71891,0
26.396248,66.15048,0
25.31373,65.88346,0
23.466831,66.10687,0
23.202066,66.05222,0
22.584885,66.10675,0
22.302652,66.03987,0
-45.53585,-41.77484,1
-45.316956,-42.772057,1
-45.662636,-44.340935,1
-45.317886,-43.8745,1
-45.69595,-43.34717,1
-45.38608,-43.948544,1
-46.232433,-44.025543,1
-46.79392,-45.143105,1
-46.140644,-45.505676,1
-46.748455,-45.589813,1
-46.07644,-46.307438,1
-45.91285,-45.910778,1
-46.450733,-44.861942,1
-46.86168,-42.156437,1
-46.608063,-42.397705,1
67.037285,8.365683,0
65.54358,9.513501,0
65.111626,10.515553,0
63.97316,10.878785,0
65.432274,10.67105,0
64.40018,10.916997,0
65.97692,10.102942,0
66.44159,9.446816,0
65.39455,10.142499,0
64.27525,11.488778,0
63.92346,11.290861,0
64.52025,10.901246,0
66.32727,9.74641,0
66.08591,9.110208,0
65.54273,9.71818,0
37.47956,-44.20154,1
37.34303,-44.62887,1
37.28003,-44.680737,1
36.973473,-44.921516,1
36.481987,-45.45063,1
35.93422,-45.87002,1
36.596317,-45.250637,1
36.4918,-45.771503,1
36.115498,-46.33573,1
36.137135,-46.385906,1
35.728477,-46.694347,1
35.618412,-47.742764,1
35.627182,-47.25381,1
35.70466,-46.191612,1
34.82891,-47.683712,1
15.561197,66.73826,0
20.650925,65.993835,0
22.19311,66.29778,0
23.38439,66.92952,0
24.27591,66.47807,0
23.138216,66.59262,0
25.018572,66.69085,0
24.801733,66.176414,0
26.458118,66.15572,0
25.62113,66.40976,0
25.978863,65.806404,0
25.898008,66.63117,0
25.6495,66.413376,0
24.243425,66.208336,0
22.685232,66.22608,0
-45.188995,-43.33215,1
-45.2156,-44.447765,1
-45.439518,-44.32221,1
-46.20061,-43.953857,1
-46.591835,-44.749504,1
-46.339622,-45.641003,1
-46.21612,-45.108498,1
-45.92179,-44.931385,1
-46.2708,-45.83443,1
-46.659325,-44.90571,1
-46.872726,-42.360203,1
-46.73951,-42.124043,1
-46.68219,-43.055428,1
-46.677296,-42.578747,1
-45.89851,-43.34607,1
63.921543,11.413505,0
64.610405,11.058682,0
63.566704,11.944819,0
64.08549,12.112798,0
63.737057,11.966817,0
63.65761,12.006647,0
65.20844,9.876641,0
66.46456,8.999924,0
66.7456,9.32292,0
66.91124,8.437411,0
66.861015,8.477189,0
66.9183,9.055154,0
66.3995,9.77436,0
66.84418,9.410936,0
66.231804,10.173357,0
34.606407,-48.578323,1
35.178505,-47.496048,1
35.322796,-45.227154,1
36.96239,-43.740887,1
36.988533,-43.619476,1
37.574863,-43.840504,1
36.841274,-44.321163,1
36.24377,-44.90966,1
36.177654,-44.058132,1
36.011574,-44.755787,1
35.63843,-45.09195,1
36.610397,-44.029076,1
37.066814,-43.563713,1
36.64753,-44.278156,1
36.688488,-44.721333,1
13.686122,66.70951,0
16.646605,66.38641,0
17.137201,66.11435,0
17.25301,66.18067,0
17.028801,66.15098,0
17.193342,66.36045,0
16.336094,66.67465,0
18.403236,66.30915,0
20.123894,66.24964,0
17.950605,66.39581,0
18.729483,66.32562,0
18.885307,66.27688,0
18.111841,66.18479,0
18.53872,65.94187,0
19.404764,66.13793,0
-45.47435,-41.71891,1
-44.569725,-42.367706,1
-43.802776,-41.89378,1
-43.430817,-42.646717,1
-43.61939,-42.222908,1
-43.73194,-42.067158,1
-43.869144,-42.46874,1
-43.66879,-42.560596,1
-44.751064,-43.2315,1
-45.004932,-45.17428,1
-44.5368,-43.939465,1
-44.502193,-43.949856,1
-43.972317,-43.555183,1
-44.984173,-45.06016,1
-45.345478,-45.449394,1
68.78093,9.081436,0
68.20826,10.413641,0
68.069885,10.235983,0
67.921394,11.150741,0
67.965096,11.271473,0
67.936966,11.246749,0
68.56684,9.435826,0
68.494194,9.254572,0
68.28225,9.125916,0
68.24663,9.068562,0
67.8498,9.382483,0
67.56851,9.47885,0
64.92133,11.974705,0
64.34256,12.400797,0
63.989376,12.683931,0
36.171642,-48.99527,1
36.558098,-48.090515,1
36.2461,-48.88082,1
36.400684,-48.955524,1
35.472984,-48.663185,1
35.59625,-49.174458,1
35.731426,-49.16568,1
35.258938,-49.182087,1
35.002834,-49.117985,1
35.02439,-49.093227,1
35.215717,-48.469116,1
36.27888,-48.70976,1
36.268692,-48.14301,1
36.24531,-48.296192,1
35.56498,-48.437294,1
-5.4016013,56.45142,0
-5.3976727,56.28346,0
-4.767198,57.02312,0
-4.9165244,56.93538,0
-6.022599,56.259197,0
-5.229391,56.991833,0
-4.999022,57.642494,0
-5.87085,56.87321,0
-5.267999,57.965736,0
-6.6955624,56.932102,0
-6.6108294,56.99082,0
-5.7224336,57.640614,0
-5.3314714,57.78607,0
-6.1447225,57.080894,0
-6.657016,56.86071,0
-13.543675,-36.828926,1
-13.664995,-36.847424,1
-26.884867,-13.798661,1
-35.990826,-8.972083,1
-29.981016,-7.832187,1
-31.252533,-7.755938,1
-29.92949,-6.9919233,1
-29.556683,-6.810937,1
-29.401424,-6.7671285,1
-26.958357,-6.431545,1
59.167164,-7.8561473,0
59.39931,-8.19709,0
59.233097,-9.508545,0
59.251865,-10.820388,0
59.181847,-10.283418,0
59.20799,-10.746288,0
59.20876,-11.048962,0
59.434216,-9.79385,0
59.51878,-8.460149,0
59.463375,-8.72027,0
59.45944,-9.485239,0
59.19498,-7.5932684,0
59.501175,-8.400531,0
59.64022,-9.02703,0
59.69414,-9.492184,0
1.0961306,-40.19393,1
1.1525139,-40.214214,1
1.1166749,-40.27231,1
-0.23986322,-42.933483,1
-0.14748709,-42.673737,1
-0.39479175,-43.247646,1
-0.596571,-43.59478,1
-7.1983495,-50.608807,1
-7.248945,-50.37439,1
-6.559463,-50.380722,1
-6.5545535,-49.867695,1
-6.702347,-49.75862,1
-6.5392613,60.827213,0
-6.3311653,61.2941,0
-6.6639743,61.59998,0
-7.2219214,61.450516,0
-5.614909,62.52854,0
-5.9728737,62.16347,0
-7.042814,61.276997,0
-10.093769,60.096275,0
-4.699086,62.75028,0
-4.8761315,62.51762,0
-5.215405,62.0748,0
-5.108013,62.153496,0
-4.8048058,62.213745,0
-4.829353,62.308372,0
-5.2851562,61.91365,0
-51.082767,-16.052748,1
-51.55711,-15.728944,1
-51.502014,-15.847762,1
-50.871593,-15.213283,1
-50.19365,-15.508394,1
-51.10986,-15.661011,1
-50.820087,-15.132352,1
-51.233032,-15.100883,1
-51.9556,-15.246843,1
-52.22014,-15.187312,1
-52.028625,-15.107309,1
-52.114258,-15.07735,1
-51.709267,-15.129074,1
-50.465622,-14.88047,1
-50.702366,-14.726742,1
61.1752,-8.871286,0
61.373875,-10.442088,0
61.456375,-9.103044,0
61.189075,-10.278946,0
60.65003,-10.640261,0
60.45152,-10.89813,0
61.22479,-10.0830555,0
61.177677,-10.007976,0
61.110985,-10.637647,0
60.79132,-10.787358,0
60.270573,-11.731372,0
60.57005,-11.392037,0
60.364754,-11.687425,0
60.85255,-10.86081,0
60.846394,-9.215875,0
-11.735361,-43.10801,1
-10.953682,-44.26047,1
-11.429134,-45.268753,1
-12.863258,-42.786514,1
-14.101492,-39.583218,1
-14.269335,-39.184654,1
-14.007685,-40.109104,1
-14.2935915,-39.611347,1
-13.762239,-40.98597,1
-10.970568,-44.883625,1
-13.784621,-40.985313,1
-14.304267,-39.19091,1
-13.935884,-40.36187,1
-13.747009,-41.08411,1
-9.18296,-46.74086,1
-7.3810043,64.83315,0
-7.2295575,64.832344,0
-6.5129437,65.16367,0
-7.879753,64.22717,0
-7.842563,64.95193,0
-7.4488435,65.7303,0
-8.035216,64.267715,0
-6.9200783,65.55017,0
-7.3704357,65.34677,0
-8.551635,63.72185,0
-7.0383153,65.06245,0
-6.237315,65.9748,0
-6.20453,65.91056,0
-6.383533,65.769516,0
-6.2756977,65.75673,0
-53.24036,-17.484402,1
-53.087418,-17.722052,1
-47.796333,-17.61018,1
-52.79852,-18.787386,1
-47.81889,-17.651522,1
-52.37642,-19.665314,1
-51.73074,-18.904846,1
-52.1402,-19.066692,1
-52.08098,-18.833902,1
-51.91559,-18.590664,1
-52.21194,-18.95768,1
-52.543957,-19.979343,1
-52.567455,-19.99338,1
-51.95645,-18.281738,1
-51.71848,-17.569698,1
58.098293,-13.567977,0
58.283394,-13.29827,0
57.842445,-13.841002,0
58.13043,-13.558635,0
59.235466,-12.799027,0
59.75315,-12.033543,0
60.289497,-12.469169,0
62.42303,-12.205152,0
62.181404,-12.360237,0
62.590145,-12.195994,0
62.680332,-12.043093,0
60.904648,-12.896746,0
61.74807,-12.217255,0
62.84309,-11.86187,0
62.72599,-11.977014,0
-7.841025,-48.885002,1
-9.047918,-48.051643,1
-8.463766,-47.862007,1
-8.801317,-48.17715,1
-11.772329,-42.063778,1
-10.385793,-45.218517,1
-8.646579,-47.632736,1
-7.217277,-47.51297,1
-6.6078405,-47.38251,1
-7.488201,-47.22999,1
-8.491787,-46.88203,1
-8.145402,-47.04192,1
-7.3749886,-47.10626,1
-7.856457,-47.166203,1
-8.254813,-46.901833,1
-11.283105,61.235817,0
-9.806885,63.2002,0
-10.002685,63.03973,0
-10.284356,62.840347,0
-9.776739,62.242393,0
-11.109994,60.844852,0
-9.488829,62.17783,0
-11.278883,60.766426,0
-10.691562,61.16566,0
-8.558861,62.728287,0
-8.761887,62.59817,0
-8.643677,62.804787,0
-9.576128,62.234665,0
-10.031402,61.762234,0
-9.639471,61.98655,0
-55.49751,-18.193224,1
-55.100006,-17.642506,1
-55.54339,-18.409859,1
-54.672867,-17.341679,1
-54.456055,-18.681889,1
-54.3712,-18.976706,1
-54.59668,-18.340755,1
-54.43313,-18.44557,1
-54.565144,-18.744543,1
-54.435482,-19.082722,1
-54.788662,-18.852425,1
-55.281242,-19.253393,1
-55.293583,-19.38486,1
-55.09006,-18.727795,1
-55.376366,-19.419312,1
44.329975,-1.2045541,0
44.73456,-1.0833839,0
44.63366,-1.2778009,0
44.55525,-1.3738883,0
44.32757,-1.2722127,0
45.10099,-0.4910127,0
44.957726,0.2080449,0
44.940006,-0.14261478,0
44.902637,0.08269226,0
44.813232,-0.040470082,0
44.863823,-0.2216472,0
44.742123,-0.9572642,0
44.4707,-0.6267671,0
44.45422,-0.57843393,0
44.421345,-0.45372146,0
-11.543202,-40.80375,1
-11.871323,-41.34018,1
-12.222827,-40.409073,1
-12.103085,-40.933544,1
-11.676365,-42.621613,1
-12.135555,-41.195034,1
-12.242679,-41.494534,1
-12.5865345,-41.17449,1
-12.461562,-41.876152,1
-12.597215,-41.731964,1
-11.399034,-42.660816,1
-11.920283,-42.102283,1
-12.669804,-40.844425,1
-12.764242,-40.37948,1
-13.336538,-39.30002,1
-7.3859963,63.30119,0
-5.536803,60.59438,0
-5.769218,59.823338,0
-4.845933,60.71895,0
-4.938121,61.042274,0
-4.82728,61.420956,0
-4.9506173,62.97756,0
-6.816774,62.050888,0
-10.428582,60.39741,0
-11.039756,60.26727,0
-10.492542,60.68451,0
-9.634662,60.93356,0
-8.973168,61.39075,0
-10.046654,60.785774,0
-9.863358,60.974907,0
-37.5876,-9.591456,1
-46.952274,-13.863399,1
-48.210785,-14.465274,1
-47.37581,-14.142411,1
-48.200787,-14.576443,1
-50.4129,-14.461279,1
-50.09249,-14.905258,1
-49.615364,-15.988019,1
-47.585434,-15.591359,1
-48.89844,-15.601631,1
-49.23178,-15.884081,1
-49.41397,-16.160084,1
-49.310818,-15.829269,1
-48.661144,-15.6707535,1
63.318527,-11.977177,0
61.976055,-12.663267,0
58.30496,-13.907081,0
60.44625,-13.062219,0
59.92052,-7.7836723,0
59.830814,-7.684894,0
43.36201,-4.1570063,0
43.548595,-3.8157618,0
44.01313,-2.7916267,0
44.332565,-1.8676548,0
43.854366,-3.267117,0
43.765587,-3.3627877,0
43.80095,-3.340182,0
43.887653,-3.1331725,0
44.1316,-2.5233457,0
-10.34898,-45.712505,1
-12.092192,-44.573914,1
-12.147574,-44.862164,1
-12.802439,-43.72888,1
-13.101521,-39.239918,1
-13.5373535,-38.716187,1
-22.064293,-15.7362795,1
-13.836037,-38.586792,1
-14.157925,-38.192047,1
-13.1614685,-41.89719,1
-12.888911,-42.977615,1
-12.468939,-43.65655,1
-11.560546,-45.27161,1
-11.765431,-45.028362,1
2.7916214,48.01321,0
3.2370057,47.93836,0
4.3815536,48.021736,0
4.2368884,47.88731,0
9.1224165,57.283688,0
9.405834,56.928864,0
9.031387,57.31958,0
9.139206,57.582714,0
9.106965,57.499565,0
9.021853,57.569782,0
9.55895,57.57405,0
9.372126,57.406403,0
9.935697,57.470165,0
10.306417,57.426666,0
10.507815,57.369385,0
-37.83946,-10.596665,1
-37.56912,-9.938935,1
-36.89757,-9.105337,1
-31.896399,-7.4664006,1
-32.260033,-7.255642,1
-31.330153,-6.992301,1
-31.323103,-6.9883494,1
-31.417059,-6.986699,1
-32.941887,-7.387526,1
-31.930994,-7.0143948,1
-30.378551,-6.6515265,1
-30.358515,-6.682288,1
-32.89342,-7.408611,1
35.941376,-0.053206906,0
54.565453,-0.8076089,0
54.428707,2.321773,0
48.431164,8.17497,0
43.977158,10.021988,0
39.4752,11.334707,0
39.434887,11.413,0
37.048176,11.989035,0
39.79472,11.260096,0
44.775944,10.310659,0
44.515133,9.648457,0
53.396168,4.0470595,0
49.399906,7.870852,0
49.349262,7.9076066,0
-13.005304,-1.6846135,1
-13.305734,-1.0747855,1
-13.012954,-1.4281183,1
-21.38278,-14.616978,1
-19.380337,-1.8701171,1
-19.350725,-1.8827761,1
-13.570933,-7.7735066,1
-12.989177,-8.790523,1
-13.54016,-7.820226,1
-19.349634,-1.8800371,1
-13.0752535,-8.721311,1
-13.60285,-7.256276,1
-13.237008,-8.097515,1
-13.139981,-8.561019,1
-9.885559,-13.099162,1
46.33653,-19.530298,0
16.663822,56.783005,0
17.482447,56.513016,0
13.8790045,56.392937,0
9.371746,55.211353,0
8.680092,54.524967,0
9.887194,55.48402,0
9.8511,55.732445,0
10.874421,56.312756,0
12.98056,57.07435,0
12.937547,57.186535,0
12.064194,57.110157,0
13.059815,57.27594,0
-46.773876,-13.01096,1
-37.730072,-8.838422,1
-36.375473,-8.4729395,1
-36.557823,-8.512928,1
-36.970562,-8.473826,1
-37.153526,-8.467689,1
-36.721607,-8.272185,1
-47.193058,-13.154743,1
-48.039787,-13.135163,1
-47.96757,-13.333727,1
-47.93417,-13.73929,1
-46.7705,-13.559054,1
-47.534977,-13.841718,1
-49.249325,-13.937999,1
-48.132523,-14.014977,1
55.056274,-14.154774,0
55.296055,-1.4417765,0
55.6581,-1.649001,0
55.60747,-1.7723334,0
54.998623,0.2093108,0
55.218445,-0.71083635,0
54.770317,0.5440827,0
55.3349,-0.35766575,0
54.827236,0.57321924,0
53.66963,1.7266243,0
54.113598,1.7501051,0
53.38276,2.3370261,0
47.73454,9.082561,0
45.219696,10.074461,0
42.70933,10.899653,0
-10.719863,2.8541832,1
0.0965995,-18.130814,1
-10.285383,-4.151968,1
-14.62857,-34.15229,1
-16.101274,-53.40751,1
-8.744389,-53.03439,1
-8.836057,-53.03678,1
-8.523722,-52.70047,1
-6.2219906,-48.832283,1
-5.9915037,-48.2888,1
3.346217,-55.799816,1
4.845133,47.66278,0
3.2795234,47.540897,0
-4.422367,33.33152,0
3.742147,46.926243,0
-3.3646452,35.614742,0
3.7959096,46.758724,0
3.694869,46.765526,0
-5.582045,33.033295,0
-6.177557,32.093098,0
-6.19989,31.96118,0
-3.4908116,35.452106,0
-6.182379,31.964298,0
3.331795,46.13158,0
-3.4624352,35.47706,0
-3.866706,34.63684,0
-15.730947,-12.652213,1
-7.2394485,-14.833364,1
-7.3278904,-14.756089,1
-7.0676236,-14.882443,1
-7.184998,-14.783061,1
7.72045,-17.05979,1
6.6473703,-16.958279,1
-15.265786,-12.787162,1
-20.501762,-11.435898,1
-13.318766,-13.9356365,1
10.93231,-4.8625584,0
-6.243539,27.180962,0
-6.3515463,-33.79565,0
57.40951,1.0368149,0
54.633224,2.8421984,0
55.969597,1.9477662,0
55.789883,2.3744175,0
51.699768,7.4118757,0
52.748817,6.6956143,0
51.87744,7.197304,0
52.339344,6.6689982,0
-17.987698,-11.0457325,1
-14.085611,-36.666126,1
-21.712662,-14.086327,1
-16.641907,1.1799488,1
-16.994646,1.3419216,1
-32.982433,-10.192156,1
-16.601849,0.7522652,1
-41.699665,-5.8881593,1
-41.06357,-5.5348935,1
-41.261883,-5.672694,1
-41.644245,-5.7549944,1
-33.049683,-10.121758,1
11.22224,-4.911624,0
10.54815,12.488471,0
-14.414816,24.737478,0
-14.41689,24.7383,0
48.555508,-23.716574,0
-5.1460767,65.94032,0
10.916436,56.73966,0
6.1368055,54.207584,0
6.879976,55.04717,0
6.3190737,54.607143,0
6.2825756,54.538895,0
2.9240415,48.268764,0
6.704791,55.089554,0
4.596101,47.697918,0
-13.526155,-14.270468,1
-6.631891,-14.106524,1
13.490481,-17.28505,1
15.268064,-17.908623,1
15.652051,-17.662825,1
19.649204,-14.96446,1
19.633738,-14.510607,1
20.015701,-14.806534,1
20.084538,-14.679925,1
20.051237,-14.546954,1
19.903294,-14.12519,1
19.917643,-14.161339,1
20.105577,-14.379667,1
20.131235,-14.576422,1
19.822113,-13.593062,1
48.605934,-9.6327505,0
57.11218,-2.6166482,0
54.973465,3.2326994,0
46.926346,10.02436,0
55.186737,2.979282,0
42.639397,10.991385,0
52.106445,6.3698363,0
52.095097,6.265569,0
56.619686,-1.907633,0
56.665115,-1.1688948,0
57.18391,-2.565885,0
55.627647,1.5345266,0
55.129112,2.0668044,0
55.63865,1.6946329,0
55.567455,0.9149955,0
-10.905064,4.4515357,1
11.497313,-18.798433,1
5.4924726,-18.034027,1
5.3651104,-18.173162,1
-9.4606085,-2.736781,1
-16.266613,0.9610009,1
-22.645685,-14.943297,1
-21.566721,-14.343445,1
-20.31419,-33.592793,1
-19.611176,-33.85173,1
-19.98783,-33.748344,1
-20.287344,-33.584988,1
-20.50547,-33.968533,1
-6.2936945,29.174435,0
2.644347,47.439182,0
-5.2095075,53.579887,0
-5.1737885,53.48829,0
-3.1393602,43.97791,0
-4.4429073,30.74618,0
-16.195154,28.233183,0
-4.4752097,30.835382,0
-5.1879005,29.937916,0
-4.447294,31.517828,0
-5.3238397,29.960257,0
-5.3595424,29.965021,0
-4.8462405,32.319794,0
-4.7584796,32.636036,0
-3.6361797,36.84899,0
-26.131142,-11.690579,1
-26.648096,-12.323505,1
-25.44329,-7.050397,1
-29.291107,-7.4638677,1
-28.439661,-7.023742,1
-35.495358,-8.221281,1
-27.457424,-6.855731,1
-22.79376,-8.196343,1
-13.860652,-12.856585,1
-10.419147,-14.221461,1
-21.04881,-8.933621,1
-22.329865,-8.855843,1
-22.351444,-8.854799,1
-25.80637,-7.306452,1
-25.79964,-7.33924,1
45.741474,10.555622,0
46.743984,10.109497,0
42.221157,12.219685,0
41.653374,12.312946,0
36.325832,11.745599,0
35.86277,11.873226,0
36.012215,11.880682,0
36.425808,11.732168,0
38.307827,11.419959,0
41.671135,12.276254,0
46.79481,10.058541,0
47.525665,9.5590725,0
47.62014,9.482569,0
47.711536,9.507282,0
47.663914,9.612241,0
-11.85084,0.8923515,1
-21.996147,-16.2828,1
-21.461636,-13.96489,1
-14.115268,0.89659935,1
-14.6144495,0.36914173,1
-14.349583,0.37806734,1
-9.412126,-3.413933,1
-9.604071,-3.0415716,1
-9.607817,-3.1407316,1
-13.633415,-0.44438627,1
-22.396582,-14.902997,1
-15.10885,0.5043977,1
-15.2771435,0.5969576,1
-15.768238,0.6353712,1
-13.757127,-0.23309542,1
